,Date,btc_close,link_close,zrx_close,yfi_close,uni_close,omg_close,eth_close,xrp_close,cake_close,comp_close,fil_close,vet_close,trx_close,doge_close,ada_close,zil_close,celo_close,crv_close,dot_close,algo_close,grt_close,rune_close,rvn_close,ftm_close
0,2020-01-02,6965.71,1.7366,0.1752,,,0.595,127.19,0.1875,,,,0.005094,0.01284,0.0019951,0.03269,0.00438,,,,0.2139,,,0.02299,0.01025
1,2020-01-03,7344.96,1.804,0.1821,,,0.6248,134.35,0.19338,,,,0.005327,0.01344,0.0020236,0.03417,0.00454,,,,0.2272,,,0.023,0.01035
2,2020-01-04,7354.11,1.8242,0.1864,,,0.6246,134.2,0.19305,,,,0.00562,0.01344,0.0020579,0.03434,0.00461,,,,0.2352,,,0.02291,0.01068
3,2020-01-05,7358.75,1.7957,0.1861,,,0.6367,135.37,0.19453,,,,0.005465,0.01353,0.0020696,0.0346,0.00463,,,,0.2294,,,0.02326,0.01051
4,2020-01-06,7758.0,1.9374,0.1958,,,0.6864,144.15,0.2231,,,,0.00573,0.01472,0.0021344,0.03732,0.00489,,,,0.2427,,,0.0241,0.01076
5,2020-01-07,8145.28,2.1033,0.1878,,,0.6706,142.8,0.21335,,,,0.005578,0.01434,0.002175,0.037,0.00481,,,,0.2303,,,0.02471,0.01035
6,2020-01-08,8055.98,2.1892,0.2133,,,0.6603,140.72,0.2075,,,,0.005492,0.01402,0.0020886,0.03631,0.00469,,,,0.2284,,,0.02417,0.01013
7,2020-01-09,7817.76,2.1886,0.2058,,,0.6373,137.74,0.20373,,,,0.005319,0.01398,0.0021282,0.03616,0.00459,,,,0.2222,,,0.02335,0.01009
8,2020-01-10,8197.02,2.2257,0.2026,,,0.6559,144.84,0.21284,,,,0.005454,0.01469,0.0021973,0.03693,0.00469,,,,0.226,,,0.024,0.01032
9,2020-01-11,8020.01,2.2734,0.2064,,,0.6701,142.38,0.21121,,,,0.005526,0.0146,0.0021754,0.03678,0.00465,,,,0.2264,,,0.02385,0.01007
10,2020-01-12,8184.98,2.2383,0.2182,,,0.6943,146.54,0.21539,,,,0.005523,0.01503,0.0021963,0.03792,0.00478,,,,0.2283,,,0.02399,0.01017
11,2020-01-13,8110.34,2.1901,0.2102,,,0.6669,143.58,0.21134,,,,0.005407,0.01464,0.0021704,0.03682,0.00467,,,,0.227,,,0.02361,0.00989
12,2020-01-14,8810.01,2.3751,0.238,,,0.735,165.64,0.23464,,,,0.005994,0.01677,0.0023581,0.04161,0.00507,,,,0.2296,,,0.02478,0.00944
13,2020-01-15,8821.41,2.3953,0.2459,,,0.7959,166.4,0.23367,,,,0.006003,0.01729,0.0023669,0.04275,0.00523,,,,0.2474,,,0.02685,0.00961
14,2020-01-16,8720.01,2.4925,0.2474,,,0.7749,164.21,0.229,,,,0.005885,0.01734,0.0023276,0.04168,0.00514,,,,0.2414,,,0.02631,0.00959
15,2020-01-17,8913.28,2.7006,0.2547,,,0.885,169.85,0.23921,,,,0.006392,0.01758,0.0024868,0.0449,0.00544,,,,0.262,,,0.02802,0.01004
16,2020-01-18,8915.96,2.7709,0.2455,,,0.8392,174.14,0.24357,,,,0.006239,0.01766,0.0025115,0.04489,0.00528,,,,0.2585,,,0.02736,0.01002
17,2020-01-19,8701.7,2.6212,0.2312,,,0.7998,166.79,0.23558,,,,0.005862,0.01665,0.0023982,0.042,0.00511,,,,0.24,,,0.02624,0.00958
18,2020-01-20,8642.35,2.688,0.2316,,,0.7829,166.87,0.23314,,,,0.005814,0.01661,0.002376,0.04378,0.0051,,,,0.237,,,0.02612,0.00947
19,2020-01-21,8736.03,2.6716,0.2415,,,0.838,169.49,0.23726,,,,0.005964,0.01732,0.0023673,0.04602,0.00512,,,,0.2482,,,0.02657,0.0096
20,2020-01-22,8682.36,2.6426,0.2425,,,0.8165,168.07,0.23733,,,,0.005863,0.01743,0.0023434,0.04575,0.00519,,,,0.247,,,0.02671,0.00954
21,2020-01-23,8404.52,2.4698,0.2283,,,0.7638,162.81,0.22586,,,,0.005607,0.01628,0.0022514,0.04318,0.00496,,,,0.2356,,,0.02558,0.00932
22,2020-01-24,8439.0,2.5024,0.2275,,,0.7754,162.54,0.22222,,,,0.00558,0.01639,0.0022698,0.04495,0.00494,,,,0.2316,,,0.02584,0.0094
23,2020-01-25,8340.58,2.4468,0.2242,,,0.7607,160.35,0.21946,,,,0.005623,0.01613,0.002251,0.04314,0.00494,,,,0.234,,,0.02592,0.00951
24,2020-01-26,8615.0,2.5764,0.2305,,,0.7905,167.86,0.23131,,,,0.00573,0.01684,0.0022854,0.04477,0.00512,,,,0.2378,,,0.02639,0.00965
25,2020-01-27,8907.57,2.6055,0.2316,,,0.8074,170.08,0.23077,,,,0.005748,0.01713,0.0023594,0.04796,0.00511,,,,0.24,,,0.02673,0.00964
26,2020-01-28,9374.21,2.6558,0.2316,,,0.8205,175.64,0.23906,,,,0.0058,0.0186,0.0024412,0.0529,0.00531,,,,0.2437,,,0.02736,0.00911
27,2020-01-29,9301.53,2.7773,0.2255,,,0.8402,173.72,0.23539,,,,0.005733,0.01866,0.0023865,0.05329,0.00552,,,,0.2405,,,0.02693,0.00876
28,2020-01-30,9513.21,2.9156,0.2331,,,0.888,184.69,0.24376,,,,0.005687,0.0195,0.002414,0.05614,0.00554,,,,0.2415,,,0.0277,0.00878
29,2020-01-31,9352.89,2.8259,0.2284,,,0.901,179.99,0.23946,,,,0.005766,0.01867,0.0023776,0.0539,0.00593,,,,0.2474,,,0.02746,0.00925
30,2020-02-01,9384.61,2.8378,0.2321,,,0.9168,183.6,0.24141,,,,0.005997,0.01907,0.002417,0.0561,0.00601,,,,0.2475,,,0.02784,0.00955
31,2020-02-02,9331.51,2.8267,0.2395,,,0.968,188.44,0.25093,,,,0.006229,0.01909,0.0024406,0.0557,0.0062,,,,0.2528,,,0.02846,0.00921
32,2020-02-03,9292.24,2.771,0.236,,,0.9721,189.69,0.25453,,,,0.006304,0.0192,0.0024156,0.05696,0.00624,,,,0.263,,,0.03062,0.00943
33,2020-02-04,9197.02,2.7395,0.2538,,,0.9776,188.91,0.26737,,,,0.006532,0.01925,0.0025169,0.05601,0.00683,,,,0.2804,,,0.03154,0.01007
34,2020-02-05,9612.04,2.839,0.2579,,,1.0358,203.78,0.27774,,,,0.006472,0.02076,0.0025826,0.05933,0.00688,,,,0.2753,,,0.03178,0.00994
35,2020-02-06,9772.0,2.89,0.2783,,,1.1183,213.19,0.28325,,,,0.0068,0.02271,0.0026654,0.06008,0.00745,,,,0.2884,,,0.03453,0.01064
36,2020-02-07,9813.73,3.3072,0.2776,,,1.1322,223.33,0.27953,,,,0.006817,0.02204,0.0027888,0.05987,0.00825,,,,0.3124,,,0.03634,0.01137
37,2020-02-08,9895.05,3.4171,0.273,,,1.1608,223.05,0.27735,,,,0.006669,0.02179,0.003171,0.06002,0.00751,,,,0.3074,,,0.03381,0.01057
38,2020-02-09,10151.75,3.4945,0.2959,,,1.1323,228.49,0.28257,,,,0.006825,0.02206,0.0032235,0.06188,0.00792,,,,0.3411,,,0.03411,0.01099
39,2020-02-10,9851.83,3.3862,0.2835,,,1.1236,222.89,0.27338,,,,0.00651,0.02216,0.0029663,0.06029,0.00756,,,,0.3585,,,0.03392,0.0108
40,2020-02-11,10223.08,3.9931,0.3025,,,1.1979,236.69,0.281,,,,0.007485,0.02272,0.00303,0.06335,0.00819,,,,0.369,,,0.03481,0.01141
41,2020-02-12,10326.46,3.9953,0.3109,,,1.2495,265.74,0.30427,,,,0.00747,0.02393,0.0030589,0.06817,0.00829,,,,0.3876,,,0.0371,0.01204
42,2020-02-13,10229.63,3.8765,0.3198,,,1.2846,268.32,0.32709,,,,0.008059,0.02391,0.0030132,0.06867,0.0081,,,,0.3494,,,0.03639,0.01193
43,2020-02-14,10344.36,4.426,0.3461,,,1.371,285.15,0.33594,,,,0.008301,0.02639,0.0031067,0.07074,0.00898,,,,0.3664,,,0.04027,0.01293
44,2020-02-15,9904.72,4.3241,0.3201,,,1.2868,264.88,0.30729,,,,0.00747,0.02364,0.0029031,0.06426,0.0081,,,,0.3349,,,0.03684,0.01157
45,2020-02-16,9917.27,4.4566,0.2984,,,1.182,258.85,0.29224,,,,0.007081,0.02223,0.0027522,0.06146,0.00774,,,,0.345,,,0.03526,0.0107
46,2020-02-17,9706.0,4.3108,0.2918,,,1.1726,267.85,0.28736,,,,0.006743,0.02179,0.0026999,0.06019,0.00744,,,,0.3299,,,0.03326,0.01042
47,2020-02-18,10164.71,4.5523,0.3073,,,1.1974,282.61,0.29827,,,,0.007058,0.02262,0.0028286,0.06274,0.00782,,,,0.3495,,,0.0347,0.01061
48,2020-02-19,9593.79,4.3873,0.2798,,,1.0986,258.45,0.27466,,,,0.006484,0.0202,0.0026085,0.05737,0.00691,,,,0.3476,,,0.03096,0.00979
49,2020-02-20,9596.42,4.2644,0.278,,,1.081,256.96,0.2709,,,,0.00649,0.0198,0.002653,0.05815,0.00725,,,,0.4342,,,0.03065,0.0093
50,2020-02-21,9677.05,4.2778,0.2882,,,1.0929,265.27,0.27418,,,,0.006633,0.02016,0.0026481,0.05853,0.00739,,,,0.418,,,0.03105,0.00938
51,2020-02-22,9650.86,4.1066,0.2811,,,1.1046,261.57,0.27468,,,,0.006593,0.02002,0.0025887,0.05825,0.00738,,,,0.4495,,,0.03021,0.00923
52,2020-02-23,9936.4,4.2365,0.2878,,,1.1389,274.48,0.28298,,,,0.006955,0.02133,0.0026772,0.06145,0.00778,,,,0.4594,,,0.03185,0.0096
53,2020-02-24,9656.13,3.9148,0.2675,,,1.0671,265.52,0.2704,,,,0.006713,0.01988,0.0025769,0.05906,0.0072,,,,0.4946,,,0.02964,0.00901
54,2020-02-25,9315.84,3.4905,0.2525,,,0.9893,246.67,0.25209,,,,0.006211,0.01891,0.0024734,0.05603,0.00643,,,,0.3938,,,0.02741,0.00791
55,2020-02-26,8785.25,3.5648,0.2351,,,0.856,223.93,0.22915,,,,0.005554,0.01636,0.0023439,0.04915,0.0057,,,,0.3629,,,0.02582,0.00705
56,2020-02-27,8823.21,3.9579,0.2441,,,0.8951,227.79,0.2385,,,,0.005806,0.01701,0.0023255,0.04986,0.006,,,,0.3764,,,0.02687,0.00697
57,2020-02-28,8692.91,4.1609,0.238,,,0.855,226.76,0.23663,,,,0.00575,0.0171,0.0022823,0.04885,0.00597,,,,0.349,,,0.02609,0.00704
58,2020-02-29,8523.61,4.0579,0.2288,,,0.8225,217.21,0.22892,,,,0.005615,0.01648,0.0022153,0.0471,0.00589,,,,0.3236,,,0.02562,0.00659
59,2020-03-01,8531.88,3.859,0.23,,,0.841,217.81,0.22696,,,,0.005427,0.01643,0.0022794,0.04561,0.00585,,,,0.3197,,,0.02504,0.00645
60,2020-03-02,8915.24,4.2423,0.2505,,,0.8949,231.97,0.23958,,,,0.005837,0.01759,0.0023471,0.04923,0.00621,,,,0.3742,,,0.02652,0.00679
61,2020-03-03,8760.07,4.5846,0.2543,,,0.8864,223.91,0.23428,,,,0.005773,0.01723,0.0024985,0.04866,0.00603,,,,0.3689,,,0.02593,0.00665
62,2020-03-04,8750.87,4.6406,0.2633,,,0.8969,224.26,0.23453,,,,0.006035,0.01774,0.0024187,0.04898,0.0061,,,,0.3929,,,0.02753,0.00684
63,2020-03-05,9054.68,4.7151,0.2758,,,0.9253,228.38,0.23909,,,,0.006129,0.01789,0.0024771,0.05096,0.00624,,,,0.379,,,0.0283,0.0077
64,2020-03-06,9131.88,4.6814,0.2838,,,0.9392,244.88,0.24477,,,,0.00614,0.01833,0.0024862,0.05174,0.00701,,,,0.3732,,,0.0279,0.00772
65,2020-03-07,8886.66,4.3412,0.2628,,,0.9058,237.23,0.23622,,,,0.005788,0.01699,0.0024066,0.04879,0.00689,,,,0.3375,,,0.02656,0.00776
66,2020-03-08,8033.31,4.0537,0.2249,,,0.7655,199.43,0.20385,,,,0.004698,0.01465,0.0021671,0.04291,0.00572,,,,0.2904,,,0.02331,0.00632
67,2020-03-09,7929.87,4.1231,0.2216,,,0.7883,202.81,0.20952,,,,0.004674,0.01504,0.0022203,0.04156,0.00591,,,,0.2787,,,0.02346,0.00612
68,2020-03-10,7894.56,4.0839,0.2382,,,0.7904,200.7,0.21185,,,,0.004691,0.01508,0.0022053,0.04146,0.00594,,,,0.282,,,0.0235,0.0062
69,2020-03-11,7934.52,3.8169,0.2266,,,0.7522,194.61,0.20813,,,,0.004462,0.01489,0.0021716,0.03969,0.00578,,,,0.2706,,,0.02319,0.00586
70,2020-03-12,4800.0,1.9931,0.1466,,,0.4069,107.82,0.13549,,,,0.002283,0.00841,0.0015996,0.02329,0.00314,,,,0.1343,,,0.0115,0.00256
71,2020-03-13,5578.6,2.4333,0.1677,,,0.5034,134.06,0.15872,,,,0.002823,0.01029,0.001746,0.02843,0.00355,,,,0.1527,,,0.01438,0.00282
72,2020-03-14,5172.06,2.1379,0.1569,,,0.4684,122.54,0.14588,,,,0.002545,0.00973,0.0016632,0.02582,0.00346,,,,0.1473,,,0.01356,0.00261
73,2020-03-15,5361.3,2.0884,0.1584,,,0.4939,123.78,0.15308,,,,0.002524,0.01026,0.0016932,0.02693,0.00368,,,,0.1471,,,0.01388,0.00275
74,2020-03-16,5028.97,1.7832,0.1381,,,0.4349,111.02,0.14102,,,,0.00226,0.00961,0.0015817,0.02423,0.00334,,,,0.1266,,,0.01207,0.0023
75,2020-03-17,5312.64,1.8641,0.1426,,,0.4697,115.67,0.14694,,,,0.002467,0.01002,0.0016219,0.02575,0.00353,,,,0.139,,,0.01307,0.00235
76,2020-03-18,5393.04,1.9483,0.1456,,,0.4644,118.11,0.1476,,,,0.002544,0.01022,0.0016002,0.02607,0.00352,,,,0.1409,,,0.01314,0.00231
77,2020-03-19,6162.37,2.2398,0.1626,,,0.5429,136.3,0.1646,,,,0.002907,0.01163,0.00177,0.0303,0.00406,,,,0.1574,,,0.01531,0.00297
78,2020-03-20,6208.36,2.26,0.1521,,,0.53,133.48,0.15695,,,,0.002845,0.01127,0.0017802,0.02946,0.00392,,,,0.1578,,,0.01475,0.00282
79,2020-03-21,6186.98,2.2787,0.1552,,,0.5231,132.66,0.15797,,,,0.002897,0.01123,0.0017849,0.02948,0.00392,,,,0.153,,,0.01471,0.00272
80,2020-03-22,5816.19,1.9898,0.1405,,,0.477,122.32,0.14776,,,,0.00261,0.0103,0.0017264,0.02703,0.00359,,,,0.1455,,,0.01329,0.00251
81,2020-03-23,6467.31,2.2468,0.1515,,,0.5057,135.92,0.15854,,,,0.002859,0.01137,0.0018192,0.02925,0.00388,,,,0.1595,,,0.01474,0.00278
82,2020-03-24,6744.72,2.3104,0.1516,,,0.531,138.42,0.16225,,,,0.00306,0.01151,0.0018641,0.03023,0.00393,,,,0.1598,,,0.01515,0.00283
83,2020-03-25,6677.43,2.257,0.1572,,,0.5096,136.1,0.16168,,,,0.003056,0.01139,0.0018296,0.02945,0.00388,,,,0.1536,,,0.01513,0.00311
84,2020-03-26,6737.36,2.3132,0.1594,,,0.5208,138.4,0.17593,,,,0.003079,0.01196,0.0018519,0.03086,0.00394,,,,0.159,,,0.01572,0.00314
85,2020-03-27,6359.11,2.1373,0.1496,,,0.5032,131.33,0.17269,,,,0.002998,0.01121,0.0017766,0.02882,0.0037,,,,0.1538,,,0.01442,0.003
86,2020-03-28,6236.65,2.1364,0.1496,,,0.5051,130.98,0.17543,,,,0.002969,0.01139,0.001783,0.02975,0.00378,,,,0.1499,,,0.01431,0.00298
87,2020-03-29,5881.42,2.0083,0.1441,,,0.4682,124.5,0.16278,,,,0.002721,0.01066,0.0017099,0.02806,0.00353,,,,0.1441,,,0.01359,0.00273
88,2020-03-30,6394.38,2.135,0.1504,,,0.5082,132.06,0.17112,,,,0.002933,0.01145,0.0017957,0.02965,0.00379,,,,0.1547,,,0.01462,0.00297
89,2020-03-31,6410.44,2.2658,0.1529,,,0.516,132.72,0.17353,,,,0.003108,0.01157,0.0018041,0.03045,0.00382,,,,0.154,,,0.01516,0.00306
90,2020-04-01,6642.92,2.2753,0.1518,,,0.5337,135.69,0.17494,,,,0.003153,0.01158,0.0018631,0.03097,0.00387,,,,0.154,,,0.01551,0.00309
91,2020-04-02,6794.09,2.2941,0.1543,,,0.5527,141.28,0.17828,,,,0.003228,0.01196,0.0018777,0.03188,0.00396,,,,0.158,,,0.01562,0.00312
92,2020-04-03,6734.1,2.3013,0.1554,,,0.5439,141.31,0.17957,,,,0.00326,0.01194,0.0018467,0.03231,0.00395,,,,0.1586,,,0.01538,0.00317
93,2020-04-04,6856.99,2.3155,0.1563,,,0.5513,144.1,0.18114,,,,0.003245,0.01197,0.0018697,0.03244,0.00408,,,,0.1772,,,0.01557,0.00324
94,2020-04-05,6772.78,2.2635,0.1536,,,0.5416,142.68,0.17925,,,,0.00323,0.01257,0.00185,0.0319,0.00433,,,,0.1718,,,0.01543,0.00317
95,2020-04-06,7329.9,2.5555,0.1692,,,0.599,171.32,0.19803,,,,0.003643,0.01375,0.0019896,0.03592,0.00471,,,,0.1876,,,0.01701,0.00337
96,2020-04-07,7197.32,2.7303,0.1695,,,0.6005,164.63,0.19285,,,,0.003872,0.0133,0.0019943,0.03525,0.00454,,,,0.1856,,,0.01654,0.0034
97,2020-04-08,7361.28,3.1693,0.1773,,,0.6238,173.11,0.20192,,,,0.003979,0.01376,0.0020038,0.03639,0.00463,,,,0.2039,,,0.01726,0.00348
98,2020-04-09,7283.54,3.3099,0.19,,,0.608,169.52,0.19829,,,,0.003866,0.01345,0.0020151,0.03607,0.00464,,,,0.2,,,0.01821,0.00382
99,2020-04-10,6858.92,3.22,0.169,,,0.5556,157.81,0.18758,,,,0.003608,0.01248,0.001965,0.03321,0.00417,,,,0.1786,,,0.0163,0.00323
100,2020-04-11,6876.83,3.29,0.1715,,,0.5631,158.33,0.1885,,,,0.003679,0.0125,0.0019645,0.03343,0.00426,,,,0.1795,,,0.01656,0.0033
101,2020-04-12,6903.79,3.4189,0.1682,,,0.5646,158.59,0.18939,,,,0.003681,0.01266,0.0019673,0.03347,0.00423,,,,0.1773,,,0.01664,0.00336
102,2020-04-13,6837.91,3.3702,0.1673,,,0.5548,156.29,0.18763,,,,0.003609,0.01257,0.0019533,0.03311,0.00411,,,,0.1755,,,0.01608,0.00326
103,2020-04-14,6868.7,3.252,0.1707,,,0.5523,158.45,0.18613,,,,0.003667,0.01245,0.0019656,0.03312,0.00414,,,,0.1783,,,0.01628,0.00324
104,2020-04-15,6621.24,3.1212,0.1637,,,0.5256,152.73,0.1805,,,,0.003658,0.01219,0.0019061,0.03185,0.004,,,,0.1687,,,0.01552,0.00296
105,2020-04-16,7101.94,3.4851,0.1732,,,0.5643,172.29,0.19053,,,,0.003828,0.01302,0.001995,0.03446,0.00428,,,,0.1857,,,0.01696,0.00314
106,2020-04-17,7027.55,3.4523,0.1722,,,0.5685,170.69,0.18863,,,,0.003783,0.01289,0.001983,0.03432,0.0042,,,,0.1878,,,0.01664,0.00311
107,2020-04-18,7248.6,3.7805,0.1791,,,0.5959,187.4,0.19544,,,,0.003968,0.01339,0.0020445,0.03654,0.00441,,,,0.1987,,,0.01743,0.00332
108,2020-04-19,7120.74,3.5902,0.1712,,,0.5799,180.03,0.18901,,,,0.003904,0.0129,0.0020313,0.03549,0.00424,,,,0.1875,,,0.01692,0.00327
109,2020-04-20,6826.83,3.4322,0.1677,,,0.5423,170.2,0.18151,,,,0.003644,0.0124,0.0019787,0.03391,0.00403,,,,0.1765,,,0.01607,0.00294
110,2020-04-21,6841.37,3.4577,0.1683,,,0.5621,170.74,0.18341,,,,0.003677,0.01249,0.00195,0.03454,0.00412,,,,0.1776,,,0.01609,0.00296
111,2020-04-22,7125.14,3.6786,0.1711,,,0.5777,182.7,0.18804,,,,0.003898,0.01298,0.0019957,0.03664,0.00422,,,,0.1872,,,0.0168,0.00318
112,2020-04-23,7482.39,3.7533,0.1753,,,0.5956,185.51,0.1926,,,,0.003952,0.01361,0.0020512,0.04088,0.00433,,,,0.1952,,,0.01742,0.00315
113,2020-04-24,7505.0,3.7735,0.1855,,,0.6169,187.59,0.19325,,,,0.004085,0.01392,0.0020832,0.04165,0.00465,,,,0.209,,,0.01788,0.00337
114,2020-04-25,7538.67,3.7865,0.1846,,,0.6316,194.21,0.19418,,,,0.004216,0.01396,0.0021245,0.04222,0.00479,,,,0.2108,,,0.01909,0.00372
115,2020-04-26,7693.1,3.721,0.1986,,,0.6604,197.38,0.19618,,,,0.00448,0.01426,0.0024076,0.04593,0.00507,,,,0.2257,,,0.01998,0.00418
116,2020-04-27,7774.62,3.6383,0.2066,,,0.6585,196.34,0.19747,,,,0.004356,0.01452,0.0023456,0.04648,0.00503,,,,0.2168,,,0.01932,0.00442
117,2020-04-28,7738.98,3.6413,0.2041,,,0.6682,196.24,0.21416,,,,0.004287,0.01528,0.002327,0.04679,0.00498,,,,0.2154,,,0.01953,0.00442
118,2020-04-29,8778.57,3.8879,0.2132,,,0.7687,215.36,0.22648,,,,0.004766,0.01624,0.0024912,0.05146,0.00537,,,,0.2302,,,0.0204,0.00483
119,2020-04-30,8620.0,3.7025,0.1982,,,0.7392,206.08,0.21135,,,,0.004353,0.01519,0.002433,0.04752,0.00553,,,,0.2093,,,0.01901,0.00455
120,2020-05-01,8826.96,3.7571,0.2136,,,0.7536,212.02,0.21786,,,,0.004437,0.01581,0.0024749,0.05091,0.00595,,,,0.2139,,,0.01971,0.0049
121,2020-05-02,8972.05,3.8182,0.2142,,,0.7511,213.9,0.22369,,,,0.004515,0.01635,0.002542,0.0509,0.00621,,,,0.2188,,,0.02141,0.00497
122,2020-05-03,8894.16,3.7092,0.2063,,,0.7266,209.86,0.21936,,,,0.004332,0.01599,0.0025001,0.04898,0.00606,,,,0.2055,,,0.02048,0.00459
123,2020-05-04,8871.96,3.7499,0.204,,,0.7177,206.48,0.21776,,,,0.004444,0.01623,0.0024605,0.04942,0.0071,,,,0.2055,,,0.0214,0.00438
124,2020-05-05,9021.83,3.6833,0.2065,,,0.7099,205.29,0.21688,,,,0.004419,0.0159,0.0024738,0.04945,0.00826,,,,0.2085,,,0.0221,0.00436
125,2020-05-06,9142.92,3.5872,0.2102,,,0.682,198.97,0.21158,,,,0.00425,0.01554,0.0024801,0.04889,0.00706,,,,0.1976,,,0.02145,0.00395
126,2020-05-07,9986.4,3.756,0.3014,,,0.7076,212.0,0.21862,,,,0.00451,0.01603,0.0026627,0.05123,0.00709,,,,0.204,,,0.0216,0.00406
127,2020-05-08,9800.01,3.801,0.3943,,,0.7625,211.31,0.21865,,,,0.004783,0.01627,0.0026052,0.05201,0.00702,,,,0.2181,,,0.02189,0.00401
128,2020-05-09,9539.4,4.015,0.4226,,,0.7409,210.07,0.21642,,,,0.004549,0.01609,0.0026075,0.05145,0.00717,,,,0.2136,,,0.02098,0.00392
129,2020-05-10,8722.77,3.7582,0.3958,,,0.675,187.54,0.19702,,,,0.004165,0.01426,0.0024602,0.04755,0.00688,,,,0.1919,,,0.01898,0.00358
130,2020-05-11,8561.52,3.5837,0.3439,,,0.6665,185.73,0.19254,,,,0.004113,0.01398,0.0024125,0.04779,0.00701,,,,0.1865,,,0.0183,0.00399
131,2020-05-12,8810.79,3.6943,0.3556,,,0.7172,189.76,0.19711,,,,0.004243,0.01455,0.0024606,0.05043,0.00762,,,,0.1933,,,0.01948,0.00393
132,2020-05-13,9309.37,3.7655,0.3475,,,0.7635,199.58,0.20177,,,,0.004459,0.01501,0.0025245,0.05147,0.00942,,,,0.1954,,,0.01956,0.00464
133,2020-05-14,9791.98,3.8096,0.3429,,,0.9453,203.29,0.20386,,,,0.004494,0.01527,0.0025813,0.05098,0.01046,,,,0.197,,,0.01928,0.00553
134,2020-05-15,9316.42,3.6615,0.3825,,,0.9551,194.86,0.19818,,,,0.004377,0.01488,0.0024888,0.05026,0.01004,,,,0.192,,,0.01854,0.00518
135,2020-05-16,9381.27,3.7614,0.3834,,,0.9323,200.45,0.19969,,,,0.004449,0.01497,0.0025098,0.051,0.01089,,,,0.198,,,0.0193,0.00483
136,2020-05-17,9680.04,3.7815,0.3729,,,0.9721,207.0,0.20131,,,,0.004426,0.015,0.0025331,0.05129,0.01058,,,,0.1979,,,0.01911,0.00458
137,2020-05-18,9733.93,3.8895,0.3711,,,1.0218,214.91,0.20543,,,,0.004487,0.01537,0.0025379,0.05434,0.00997,,,,0.2014,,,0.01928,0.00463
138,2020-05-19,9775.53,3.947,0.3588,,,1.1794,214.58,0.20496,,,,0.004534,0.01553,0.0025487,0.05677,0.00979,,,,0.2008,,,0.0196,0.00481
139,2020-05-20,9511.43,4.0866,0.3608,,,1.1679,209.98,0.20179,,,,0.004525,0.015,0.0025002,0.05689,0.00962,,,,0.2091,,,0.01914,0.00514
140,2020-05-21,9068.65,3.8298,0.3232,,,1.5427,198.74,0.19434,,,,0.004237,0.01421,0.0024774,0.05207,0.00975,,,,0.1915,,,0.01854,0.0048
141,2020-05-22,9170.0,4.0611,0.3337,,,1.8003,207.36,0.20034,,,,0.00464,0.01484,0.0025175,0.05576,0.01003,,,,0.2044,,,0.01935,0.00531
142,2020-05-23,9179.15,3.925,0.3262,,,1.8737,206.6,0.19883,,,,0.004609,0.01496,0.0025271,0.0549,0.00985,,,,0.2014,,,0.0193,0.0058
143,2020-05-24,8720.34,3.7917,0.3005,,,1.5367,199.9,0.19256,,,,0.004467,0.01421,0.0024461,0.05125,0.00985,,,,0.1972,,,0.01905,0.0055
144,2020-05-25,8900.35,3.8614,0.3197,,,1.7232,204.15,0.19622,,,,0.005064,0.01472,0.0025324,0.0539,0.01246,,,,0.2118,,,0.02044,0.00572
145,2020-05-26,8841.18,3.844,0.3474,,,1.6523,200.89,0.19372,,,,0.004871,0.01458,0.0024781,0.05355,0.01237,,,,0.2186,,,0.02111,0.00582
146,2020-05-27,9204.07,3.8526,0.3364,,,1.6448,208.29,0.19791,,,,0.004896,0.0147,0.0024998,0.05513,0.01228,,,,0.22,,,0.02025,0.00544
147,2020-05-28,9575.89,4.0461,0.3328,,,1.6064,220.21,0.20052,,,,0.005508,0.01514,0.002523,0.06502,0.01237,,,,0.227,,,0.02052,0.00555
148,2020-05-29,9427.07,3.98,0.3327,,,1.6029,220.67,0.19759,,,,0.005547,0.015,0.0025303,0.06469,0.01248,,,,0.2281,,,0.02061,0.00597
149,2020-05-30,9697.72,4.1763,0.3373,,,1.5768,243.66,0.20701,,,,0.006227,0.01638,0.002618,0.07691,0.01339,,,,0.2438,,,0.02124,0.00582
150,2020-05-31,9448.27,4.131,0.3164,,,1.5081,231.57,0.20245,,,,0.006247,0.01582,0.0025599,0.0739,0.01475,,,,0.2332,,,0.01963,0.00556
151,2020-06-01,10200.77,4.3785,0.3337,,,1.7181,248.23,0.211,,,,0.006655,0.01707,0.0026452,0.08093,0.01626,,,,0.2499,,,0.02068,0.00559
152,2020-06-02,9518.04,4.3976,0.3257,,,1.7361,237.71,0.20301,,,,0.00725,0.01637,0.0025666,0.07872,0.01824,,,,0.2458,,,0.02015,0.00588
153,2020-06-03,9666.24,4.4892,0.3298,,,1.712,244.52,0.2041,,,,0.007099,0.01691,0.0025867,0.08558,0.01804,,,,0.2421,,,0.0204,0.00632
154,2020-06-04,9789.06,4.4243,0.3263,,,1.6906,243.21,0.20427,,,,0.006732,0.01687,0.002623,0.08882,0.01641,,,,0.2421,,,0.0203,0.00646
155,2020-06-05,9621.16,4.358,0.3206,,,1.6428,240.03,0.20274,,,,0.006693,0.01685,0.0025907,0.08517,0.01799,,,,0.2321,,,0.02,0.00627
156,2020-06-06,9666.3,4.3512,0.3246,,,1.7079,241.94,0.20361,,,,0.007301,0.01704,0.0025926,0.08614,0.02121,,,,0.2373,,,0.02011,0.0064
157,2020-06-07,9746.99,4.3465,0.322,,,1.6961,244.56,0.20329,,,,0.007246,0.0182,0.0025987,0.08657,0.02231,,,,0.232,,,0.0202,0.00631
158,2020-06-08,9782.01,4.473,0.3193,,,1.678,246.4,0.20403,,,,0.007787,0.01794,0.0025786,0.08648,0.02132,,,,0.2339,,,0.02088,0.00626
159,2020-06-09,9772.43,4.435,0.349,,,1.648,243.8,0.20127,,,,0.008181,0.01754,0.0025586,0.08291,0.02443,,,,0.2423,,,0.0208,0.00623
160,2020-06-10,9885.0,4.4225,0.3877,,,1.6499,247.78,0.20266,,,,0.009008,0.0176,0.0025761,0.0836,0.0273,,,,0.247,,,0.02116,0.00663
161,2020-06-11,9280.4,3.9565,0.3339,,,1.5076,230.51,0.18817,,,,0.008762,0.01573,0.0024463,0.07527,0.02497,,,,0.2305,,,0.01953,0.00601
162,2020-06-12,9465.13,4.0819,0.3557,,,1.553,237.55,0.19307,,,,0.00971,0.01644,0.0025,0.07948,0.02594,,,,0.2317,,,0.02005,0.00603
163,2020-06-13,9473.34,4.11,0.3627,,,1.6187,238.11,0.19234,,,,0.009597,0.01668,0.0025241,0.07906,0.02273,,,,0.2347,,,0.02075,0.00669
164,2020-06-14,9342.1,3.9371,0.3566,,,1.564,231.77,0.19022,,,,0.00864,0.01616,0.0024972,0.07642,0.02291,,,,0.2329,,,0.01994,0.00657
165,2020-06-15,9426.02,3.9274,0.3441,,,1.5037,230.86,0.19238,,,,0.00901,0.01606,0.0024743,0.07824,0.02513,,,,0.2267,,,0.01994,0.00656
166,2020-06-16,9525.59,4.0502,0.344,,,1.5271,235.3,0.19238,,,,0.009061,0.01613,0.0024855,0.07925,0.02515,,,,0.2357,,,0.02172,0.0068
167,2020-06-17,9465.14,4.1659,0.3426,,,1.5136,233.82,0.19315,,,,0.009013,0.01621,0.0024806,0.08349,0.0233,,,,0.2446,,,0.02195,0.00673
168,2020-06-18,9386.32,4.1415,0.3311,,,1.4787,231.27,0.18975,,,,0.00866,0.01602,0.0024575,0.08176,0.02082,,,,0.2403,,,0.02183,0.00731
169,2020-06-19,9310.23,4.098,0.3306,,,1.4603,229.0,0.18722,,,,0.008379,0.01586,0.0024399,0.07987,0.01875,,,,0.2317,,,0.02089,0.00754
170,2020-06-20,9358.95,4.1765,0.3499,,,1.4702,228.89,0.18792,,,,0.00829,0.01597,0.0024419,0.07953,0.01917,,,,0.2306,,,0.02074,0.00753
171,2020-06-21,9294.69,4.1812,0.3467,,,1.4512,228.04,0.18602,,,,0.008626,0.01582,0.0024295,0.07841,0.01987,,,,0.2321,,,0.02049,0.0073
172,2020-06-22,9685.69,4.4841,0.3543,,,1.6246,243.13,0.18928,,,,0.009283,0.01638,0.0024731,0.08355,0.02005,,,,0.2415,,,0.02108,0.00703
173,2020-06-23,9624.89,4.8051,0.3653,,,1.5664,243.14,0.18889,,,,0.008903,0.0165,0.0024686,0.08276,0.01946,,,,0.25,,,0.02135,0.00704
174,2020-06-24,9296.49,4.7075,0.3447,,,1.5154,234.58,0.18348,,,,0.008996,0.01593,0.0024193,0.08254,0.01953,,,,0.2391,,,0.02041,0.00659
175,2020-06-25,9249.49,4.8134,0.3353,,,1.4719,232.5,0.18156,,228.0,,0.008882,0.0159,0.0024081,0.08167,0.01883,,,,0.2343,,,0.02,0.0067
176,2020-06-26,9162.21,4.6813,0.3526,,,1.4592,229.64,0.18249,,261.73,,0.008949,0.01585,0.0023593,0.08062,0.01784,,,,0.2227,,,0.01934,0.00638
177,2020-06-27,9012.0,4.4058,0.3325,,,1.3905,220.94,0.17509,,231.0,,0.008608,0.01544,0.0023045,0.07738,0.01585,,,,0.2052,,,0.01824,0.00569
178,2020-06-28,9116.35,4.5668,0.3312,,,1.4253,224.93,0.17693,,245.45,,0.00869,0.01577,0.0023142,0.08028,0.01791,,,,0.208,,,0.01877,0.00601
179,2020-06-29,9192.56,4.6187,0.3459,,,1.4689,227.93,0.17726,,233.44,,0.008691,0.01619,0.0023077,0.08392,0.01803,,,,0.214,,,0.01899,0.00593
180,2020-06-30,9138.55,4.5626,0.3352,,,1.4677,225.6,0.17533,,216.66,,0.008837,0.01636,0.0023185,0.08299,0.0174,,,,0.2082,,,0.0189,0.0061
181,2020-07-01,9232.0,4.7067,0.336,,,1.4642,230.99,0.17647,,201.09,,0.009436,0.01686,0.0023203,0.09681,0.01743,,,,0.2142,,,0.01897,0.00598
182,2020-07-02,9086.54,4.7996,0.3444,,,1.4186,226.46,0.17477,,180.01,,0.009556,0.01658,0.002322,0.09291,0.01731,,,,0.2046,,,0.01838,0.00877
183,2020-07-03,9058.26,4.7309,0.3808,,,1.4433,224.87,0.1762,,171.91,,0.010223,0.01662,0.0023139,0.09655,0.01703,,,,0.2034,,,0.01809,0.01279
184,2020-07-04,9135.46,4.82,0.3875,,,1.5166,229.17,0.17808,,180.42,,0.012525,0.01682,0.0023012,0.10005,0.01917,,,,0.2177,,,0.01885,0.01139
185,2020-07-05,9069.41,4.7439,0.4164,,,1.4951,227.56,0.17695,,201.66,,0.014307,0.01688,0.0023029,0.09813,0.01869,,,,0.2154,,,0.0185,0.01106
186,2020-07-06,9344.2,5.3617,0.3999,,,1.568,241.6,0.18875,,194.83,,0.01442,0.01802,0.0026193,0.10512,0.01902,,,,0.229,,,0.01913,0.0124
187,2020-07-07,9257.39,5.7248,0.4085,,,1.529,239.39,0.18508,,187.71,,0.017325,0.0172,0.003136,0.11764,0.02042,,,,0.2329,,,0.0191,0.01212
188,2020-07-08,9436.06,6.4987,0.4475,,,1.6144,246.95,0.20551,,184.57,,0.019932,0.01791,0.0047657,0.12993,0.02088,,,,0.2468,,,0.0202,0.01156
189,2020-07-09,9232.43,6.082,0.4253,,,1.5532,241.98,0.20263,,179.86,,0.01825,0.01856,0.0043214,0.12403,0.0198,,,,0.2417,,,0.01968,0.01117
190,2020-07-10,9288.34,6.1488,0.4115,,,1.546,241.26,0.19909,,175.05,,0.017119,0.01812,0.0035313,0.11846,0.01967,,,,0.2501,,,0.01978,0.01037
191,2020-07-11,9234.03,6.0994,0.4362,,,1.5298,239.19,0.2011,,178.24,,0.018535,0.01837,0.0038041,0.12523,0.02001,,,,0.2794,,,0.02028,0.01126
192,2020-07-12,9302.75,7.3345,0.427,,,1.5394,242.79,0.20128,,176.07,,0.018155,0.01818,0.0036358,0.12685,0.01945,,,,0.279,,,0.02012,0.01173
193,2020-07-13,9242.62,7.163,0.4011,,,1.5348,239.5,0.19867,,166.47,,0.018461,0.01756,0.0031677,0.12427,0.02003,,,,0.2653,,,0.0231,0.01069
194,2020-07-14,9255.85,8.1321,0.3949,,,1.5277,240.44,0.19909,,164.19,,0.01845,0.01765,0.0032888,0.13256,0.01978,,,,0.2722,,,0.02137,0.01077
195,2020-07-15,9197.6,8.6494,0.3896,,,1.5174,238.61,0.19721,,160.17,,0.018996,0.01757,0.0030868,0.13069,0.01912,,,,0.2881,,,0.0205,0.0106
196,2020-07-16,9133.72,8.354,0.4008,,,1.4742,233.57,0.19444,,154.79,,0.018036,0.01716,0.0029808,0.12602,0.018,,,,0.3546,,,0.01975,0.01013
197,2020-07-17,9154.32,8.2605,0.3971,,,1.4932,232.67,0.1944,,167.24,,0.018211,0.01717,0.0030528,0.12224,0.0181,,,,0.346,,,0.0201,0.01268
198,2020-07-18,9170.28,7.9734,0.418,,,1.5841,235.67,0.1999,,163.64,,0.018168,0.01742,0.003449,0.1227,0.0179,,,,0.3558,,,0.02017,0.012
199,2020-07-19,9208.99,8.0784,0.4199,,,1.5537,239.11,0.19956,,163.61,,0.018017,0.01753,0.0033811,0.12402,0.0179,,,,0.3883,,,0.0201,0.01281
200,2020-07-20,9160.78,7.2301,0.395,,,1.6222,236.01,0.19465,,157.87,,0.016074,0.01716,0.0032201,0.11771,0.01725,,,,0.3567,,,0.02071,0.01615
201,2020-07-21,9390.0,7.3101,0.4005,,,1.6495,245.59,0.19949,,159.58,,0.0175,0.01762,0.0032979,0.12321,0.01799,,,,0.3463,,,0.0205,0.01524
202,2020-07-22,9518.16,7.4689,0.3994,,,1.729,263.74,0.20348,,157.73,,0.017467,0.01794,0.0032868,0.1238,0.01882,,,,0.3456,,,0.02037,0.01482
203,2020-07-23,9603.27,7.8983,0.3919,,,1.6884,275.3,0.20851,,156.0,,0.017381,0.01792,0.0032997,0.12422,0.01965,,,,0.3291,,,0.02029,0.01457
204,2020-07-24,9537.8,7.4284,0.3864,,,1.6226,279.15,0.20392,,155.33,,0.016995,0.01794,0.0032113,0.12197,0.01843,,,,0.3123,,,0.01997,0.01468
205,2020-07-25,9700.42,7.672,0.3944,,,1.6419,305.26,0.21463,,155.82,,0.018218,0.01877,0.0032475,0.14362,0.01858,,,,0.319,,,0.02034,0.01389
206,2020-07-26,9931.54,7.5022,0.385,,,1.6229,311.0,0.21532,,157.45,,0.017554,0.01852,0.0032323,0.14849,0.01798,,,,0.3211,,,0.0205,0.01511
207,2020-07-27,11029.96,7.1,0.3667,,,1.5738,321.93,0.22437,,135.78,,0.015641,0.01872,0.0031694,0.13859,0.01692,,,,0.2873,,,0.01948,0.01237
208,2020-07-28,10906.27,7.2333,0.3821,,,1.5836,316.77,0.23029,,136.69,,0.01598,0.01912,0.003188,0.14904,0.018,,,,0.3143,,,0.02014,0.01294
209,2020-07-29,11100.53,7.0876,0.3836,,,1.5778,317.71,0.24327,,133.18,,0.015583,0.01915,0.0031663,0.13972,0.01767,,,,0.308,,,0.01979,0.01265
210,2020-07-30,11099.61,7.4093,0.3879,,,1.5886,334.87,0.24408,,133.0,,0.017315,0.01917,0.0032281,0.1406,0.01819,,,,0.3347,,,0.02037,0.01381
211,2020-07-31,11335.46,7.8033,0.3808,,,1.5816,346.33,0.25939,,134.63,,0.017204,0.01968,0.003224,0.13878,0.01799,,,,0.3271,,,0.02061,0.01326
212,2020-08-01,11801.17,8.3248,0.3992,,,1.6556,387.0,0.29089,,137.89,,0.017319,0.02046,0.0037144,0.1441,0.01867,,,,0.3279,,,0.0222,0.01301
213,2020-08-02,11071.35,8.2814,0.3795,,,1.5843,372.42,0.28803,,127.39,,0.016207,0.01907,0.0033312,0.13375,0.01782,,,,0.3016,,,0.02063,0.01305
214,2020-08-03,11219.81,9.2502,0.3813,,,1.569,385.94,0.31016,,127.2,,0.0167,0.01987,0.0033818,0.1373,0.01754,,,,0.3096,,,0.02079,0.01333
215,2020-08-04,11191.97,9.8687,0.3976,,,1.5876,389.61,0.30138,,131.91,,0.018734,0.02039,0.0035458,0.14335,0.01842,,,,0.3266,,,0.02104,0.01368
216,2020-08-05,11744.91,9.5253,0.3974,,,1.593,400.72,0.30228,,134.85,,0.018793,0.02031,0.0035028,0.14227,0.01958,,,,0.3355,,,0.02279,0.0158
217,2020-08-06,11762.46,10.2343,0.4131,,,1.6053,394.77,0.30311,,136.86,,0.019704,0.02022,0.00356,0.14444,0.02011,,,,0.3638,,,0.02273,0.01613
218,2020-08-07,11594.23,10.1286,0.3928,,,1.5632,379.34,0.29437,,154.46,,0.018671,0.01988,0.003496,0.13888,0.02183,,,,0.3689,,,0.02191,0.01658
219,2020-08-08,11761.41,12.7093,0.4209,,,1.6016,397.03,0.29527,,152.86,,0.020815,0.02046,0.0035134,0.14696,0.02608,,,,0.4524,,,0.02239,0.0174
220,2020-08-09,11681.68,13.8104,0.4382,,,1.712,390.14,0.2879,,170.89,,0.021929,0.02045,0.0034664,0.14512,0.02515,,,,0.4245,,,0.02275,0.01806
221,2020-08-10,11892.92,13.4722,0.4804,6229.19,,1.7979,395.44,0.29469,,176.62,,0.021422,0.02146,0.0034952,0.14383,0.02497,,,,0.4686,,,0.02334,0.0184
222,2020-08-11,11392.08,12.9971,0.4428,6040.2,,1.6571,379.0,0.2831,,195.8,,0.019966,0.0201,0.0033906,0.13685,0.02606,,,,0.4366,,,0.02205,0.01629
223,2020-08-12,11564.33,16.4635,0.4617,5749.62,,1.6977,387.18,0.28233,,218.38,,0.020429,0.02019,0.0034606,0.1367,0.02554,,,,0.5233,,,0.02277,0.01869
224,2020-08-13,11780.0,17.1883,0.4498,5346.99,,1.8385,424.54,0.2942,,205.33,,0.019598,0.02238,0.0034877,0.13944,0.02546,,,,0.6699,,,0.02525,0.01916
225,2020-08-14,11760.54,16.9574,0.5391,5016.14,,2.0292,438.11,0.29995,,196.06,,0.020513,0.02471,0.0035731,0.13826,0.02505,,,,0.6388,,,0.02458,0.01986
226,2020-08-15,11852.4,19.2285,0.4969,5414.22,,1.9358,432.32,0.29884,,196.35,,0.019575,0.02526,0.0035328,0.13837,0.0247,,6.91,,0.6342,,,0.02435,0.02713
227,2020-08-16,11911.0,18.8061,0.6092,6660.0,,2.7942,433.62,0.30455,,201.08,,0.019842,0.02824,0.0035302,0.13882,0.02632,,5.782,,0.6291,,,0.02576,0.02611
228,2020-08-17,12281.13,16.8196,0.5619,8900.0,,2.7049,430.89,0.31539,,184.21,,0.02002,0.03036,0.0035877,0.14039,0.0252,,4.38,,0.5872,,,0.02576,0.02631
229,2020-08-18,11945.01,16.1927,0.5647,9655.0,,2.6932,421.95,0.30251,,187.5,,0.019089,0.02875,0.003476,0.13691,0.02315,,3.6,3.1,0.5567,,,0.02558,0.02954
230,2020-08-19,11754.59,16.1863,0.5133,12599.72,,3.3775,407.46,0.28975,,182.83,,0.017857,0.02648,0.0034196,0.12966,0.02185,,3.919,2.95,0.5965,,,0.02323,0.02985
231,2020-08-20,11853.55,16.0483,0.6111,15275.0,,5.6755,415.94,0.29218,,179.75,,0.019392,0.02746,0.0034399,0.13413,0.02276,,3.89,2.9,0.6264,,,0.02426,0.03544
232,2020-08-21,11531.34,13.8325,0.694,12296.34,,6.2394,387.97,0.27933,,169.52,,0.017962,0.02425,0.0033776,0.12315,0.02118,,3.23,2.833,0.5323,,,0.02308,0.02812
233,2020-08-22,11662.96,15.8078,0.7281,14034.28,,6.1359,395.24,0.28592,,173.88,,0.018165,0.02512,0.0034331,0.12515,0.02189,,3.057,4.4546,0.5636,,,0.02386,0.03206
234,2020-08-23,11648.13,15.1428,0.7223,12571.37,,6.41,390.71,0.2848,,169.18,,0.017889,0.02435,0.0033955,0.12141,0.02144,,2.695,3.9779,0.6132,,,0.02319,0.03312
235,2020-08-24,11748.2,15.1419,0.7305,14466.02,,5.8441,407.68,0.2884,,180.91,,0.01817,0.0251,0.0034116,0.12361,0.02372,,2.897,4.5759,0.6293,,,0.02425,0.03155
236,2020-08-25,11318.42,14.1164,0.6484,13510.2,,5.15,382.93,0.27625,,165.57,,0.016883,0.02299,0.0032907,0.11239,0.02135,,2.857,5.5412,0.5609,,,0.02213,0.02927
237,2020-08-26,11461.43,15.2,0.6591,15677.91,,5.4999,385.81,0.27653,,179.42,,0.017113,0.02369,0.0032939,0.11435,0.02239,,3.556,6.0708,0.55,,,0.02246,0.02885
238,2020-08-27,11330.38,14.5234,0.6055,14183.1,,5.02,383.27,0.26469,,171.48,,0.015933,0.02307,0.0031997,0.10725,0.02029,,3.344,5.6547,0.5225,,,0.02151,0.0262
239,2020-08-28,11526.91,15.1207,0.6387,18848.99,,5.4159,395.11,0.27174,,189.0,,0.016317,0.02392,0.0032637,0.10927,0.02096,,3.527,6.1812,0.5337,,,0.02197,0.02778
240,2020-08-29,11465.84,16.3612,0.6443,27400.0,,5.1059,398.65,0.2738,,193.19,,0.016744,0.02491,0.0032749,0.11623,0.02093,,3.109,6.1333,0.5334,,,0.02235,0.02676
241,2020-08-30,11711.16,16.4788,0.6364,31677.95,,5.4857,428.94,0.28302,,216.72,,0.017113,0.02696,0.0032981,0.11747,0.02327,,3.554,5.8912,0.5181,,,0.02256,0.03597
242,2020-08-31,11649.51,15.5772,0.6121,34835.3,,5.1197,433.79,0.28115,,243.14,,0.017372,0.02917,0.0032073,0.12253,0.02241,,4.337,6.2718,0.5021,,,0.02243,0.03925
243,2020-09-01,11921.97,16.0333,0.601,31951.5,,4.9959,475.4,0.29521,,256.89,,0.016989,0.03466,0.0032411,0.12445,0.0219,,5.335,6.239,0.5168,,,0.02219,0.03985
244,2020-09-02,11388.54,14.7982,0.5582,32000.0,,4.3826,439.5,0.27595,,226.77,,0.015995,0.03449,0.0031161,0.11489,0.02037,,4.326,6.1374,0.4638,,,0.02068,0.05516
245,2020-09-03,10140.85,11.8895,0.4443,29400.07,,3.5248,381.4,0.24409,,187.13,,0.012343,0.03996,0.0027692,0.09446,0.01587,,2.913,5.6743,0.3486,,,0.0175,0.04089
246,2020-09-04,10446.25,12.3708,0.5141,27311.92,,4.235,385.26,0.25385,,187.23,,0.014268,0.03552,0.0028797,0.10156,0.01659,,2.85,5.1019,0.374,,0.8183,0.01809,0.0453
247,2020-09-05,10166.69,10.6017,0.4299,22193.5,,3.756,335.01,0.23738,,157.89,,0.012101,0.02988,0.002764,0.09,0.01494,,1.901,4.1456,0.3415,,0.6371,0.01641,0.03054
248,2020-09-06,10256.2,12.8044,0.4605,23797.1,,3.9219,352.8,0.23986,,170.85,,0.012354,0.03142,0.0027859,0.0926,0.01528,,2.16,4.784,0.3757,,0.781,0.01703,0.03366
249,2020-09-07,10373.44,12.47,0.4598,22985.3,,3.5991,353.59,0.24198,,179.4,,0.012201,0.03249,0.0028151,0.0936,0.01532,,2.097,4.5944,0.3722,,0.7221,0.01695,0.03224
250,2020-09-08,10126.65,11.746,0.433,22518.41,,3.5392,337.39,0.23657,,173.29,,0.012119,0.03518,0.002747,0.09101,0.01555,,1.839,4.2787,0.349,,0.6969,0.01655,0.02976
251,2020-09-09,10219.2,12.3444,0.4597,27500.03,,3.8453,350.85,0.23901,,177.79,,0.012841,0.03397,0.002779,0.09331,0.01647,,1.973,4.7003,0.413,,0.7274,0.01696,0.03053
252,2020-09-10,10336.87,12.4957,0.4707,34045.73,,3.8411,367.93,0.24302,,171.45,,0.013005,0.03299,0.0028077,0.09709,0.01727,,1.96,4.5796,0.4131,,0.7229,0.01735,0.03239
253,2020-09-11,10387.89,12.4406,0.5277,38146.99,,3.839,373.63,0.24252,,173.15,,0.013239,0.0335,0.0027956,0.09701,0.01724,,1.901,4.6498,0.411,,0.7486,0.01728,0.03097
254,2020-09-12,10440.92,12.7187,0.5162,43194.45,,4.116,387.78,0.24752,,180.26,,0.013419,0.03272,0.0028141,0.09771,0.01778,,2.103,5.1385,0.409,,0.7998,0.01763,0.03003
255,2020-09-13,10332.83,12.067,0.4905,36893.01,,3.8423,366.42,0.24218,,165.09,,0.01281,0.03065,0.002783,0.09507,0.01668,,1.908,5.3213,0.3774,,0.7064,0.01711,0.02678
256,2020-09-14,10671.77,12.1374,0.4729,39868.08,,3.8423,377.12,0.24564,,166.06,,0.012861,0.03039,0.0027851,0.09663,0.01676,,1.843,5.3555,0.3819,,0.6429,0.01732,0.02941
257,2020-09-15,10785.31,10.9314,0.4486,35380.0,,3.4731,364.06,0.24331,,154.8,,0.012569,0.02788,0.0028278,0.09313,0.01564,,1.415,5.0535,0.3539,,0.5823,0.01667,0.02671
258,2020-09-16,10954.01,10.7367,0.4283,34885.58,,3.4148,365.11,0.24686,,153.38,,0.01246,0.02639,0.0028053,0.09151,0.01689,,1.281,5.0712,0.3598,,0.592,0.01632,0.02698
259,2020-09-17,10939.99,11.0139,0.4407,33258.34,3.4617,3.2787,389.36,0.25214,,158.11,,0.013514,0.02813,0.0028078,0.09408,0.01664,,1.333,5.3354,0.3565,,0.5171,0.01656,0.02703
260,2020-09-18,10933.39,10.094,0.4167,33065.96,6.9,3.0236,384.39,0.25065,,154.16,,0.01443,0.02905,0.0027892,0.09093,0.01706,,1.258,5.2616,0.3369,,0.5241,0.01634,0.0392
261,2020-09-19,11080.65,10.1209,0.429,30932.7,5.7244,3.0656,385.25,0.25112,,151.97,,0.015265,0.02768,0.0027901,0.09141,0.01686,,1.483,4.924,0.3423,,0.4916,0.01625,0.03957
262,2020-09-20,10920.28,9.7357,0.3953,28071.33,5.223,2.8976,371.04,0.24652,,144.62,,0.014476,0.02694,0.0027729,0.08936,0.01572,,1.361,4.6518,0.3273,,0.4515,0.01548,0.03455
263,2020-09-21,10417.22,8.7114,0.3674,24045.53,4.2471,2.551,340.36,0.23102,,128.31,,0.012605,0.0249,0.0025972,0.07983,0.0138,,1.088,4.0691,0.2873,,0.3844,0.01397,0.0372
264,2020-09-22,10529.61,8.7401,0.3804,25017.3,3.9105,3.2355,344.21,0.23302,,143.89,,0.01234,0.02499,0.0026432,0.08146,0.01415,,1.077,4.1625,0.3062,,0.3892,0.01418,0.04455
265,2020-09-23,10241.46,7.6364,0.3407,21191.4,4.38,2.7528,320.72,0.22164,,127.24,,0.011381,0.02486,0.0025444,0.07663,0.01389,,0.888,4.0077,0.269,,0.3389,0.01313,0.0353
266,2020-09-24,10736.32,9.87,0.3825,25258.49,5.164,3.1137,348.97,0.23276,,138.68,,0.012385,0.02625,0.0026297,0.08254,0.0146,,0.993,4.3782,0.2941,,0.3974,0.01394,0.03968
267,2020-09-25,10686.67,10.7279,0.406,26807.53,4.9145,3.148,351.92,0.24154,,139.07,,0.012909,0.02714,0.0027015,0.09693,0.01592,,0.975,4.4139,0.3174,,0.4844,0.0145,0.04187
268,2020-09-26,10728.6,10.3169,0.3914,31645.39,4.8684,3.1049,353.92,0.24153,,144.16,,0.012851,0.02718,0.0026972,0.09547,0.01633,,1.114,4.3308,0.3253,,0.5288,0.01465,0.04008
269,2020-09-27,10774.25,10.7939,0.3953,30621.02,4.8458,3.0844,357.49,0.24334,,139.08,,0.012741,0.02659,0.0026954,0.1013,0.01548,,1.04,4.2962,0.3209,,0.6316,0.01458,0.03972
270,2020-09-28,10696.12,10.283,0.4132,28460.24,4.2503,3.7724,353.96,0.24107,,131.55,,0.012765,0.02625,0.0026504,0.1003,0.01511,,1.002,4.4501,0.327,,0.5537,0.01407,0.03922
271,2020-09-29,10840.48,10.135,0.408,25039.35,4.3826,4.11,359.79,0.24285,,132.99,,0.013169,0.0263,0.0026727,0.1011,0.01747,,0.951,4.4969,0.3392,,0.531,0.01409,0.03908
272,2020-09-30,10776.59,9.8694,0.4091,23822.04,4.1554,4.0202,359.83,0.24171,,133.43,,0.013519,0.02621,0.002635,0.10136,0.01955,,0.949,4.3458,0.3469,,0.4848,0.01414,0.0391
273,2020-10-01,10619.13,9.6394,0.3989,22790.75,4.2397,4.0159,352.85,0.23819,,129.2,,0.012732,0.02581,0.0026246,0.09804,0.01945,,0.864,4.3468,0.335,,0.4827,0.01362,0.03701
274,2020-10-02,10570.4,9.2167,0.3897,21047.03,3.8904,3.7868,345.6,0.23386,,120.36,,0.011859,0.0259,0.0025902,0.09286,0.01802,,0.765,4.1282,0.3158,,0.4573,0.01326,0.03331
275,2020-10-03,10542.06,9.269,0.3762,18850.0,3.9041,3.7216,345.95,0.23273,,121.18,,0.011739,0.02719,0.0025955,0.09328,0.01857,,0.768,4.0607,0.3154,,0.4592,0.01329,0.03096
276,2020-10-04,10666.63,9.3922,0.3764,19149.94,3.7262,3.6295,352.37,0.24794,,119.46,,0.011657,0.02644,0.002633,0.09686,0.02129,,0.697,4.177,0.312,,0.4543,0.01322,0.03188
277,2020-10-05,10792.21,9.6176,0.3766,19176.46,3.319,3.8074,353.62,0.2503,,122.04,,0.011383,0.02643,0.0026182,0.09738,0.0207,,0.632,4.1621,0.3184,,0.4113,0.01362,0.03017
278,2020-10-06,10599.66,8.7689,0.3518,16601.44,2.7143,3.3658,340.75,0.24545,,105.76,,0.010106,0.02556,0.002597,0.09289,0.01818,,0.507,3.7465,0.2859,,0.3835,0.01265,0.02593
279,2020-10-07,10666.39,8.9799,0.3568,14853.84,2.9621,3.2604,341.58,0.2487,,110.47,,0.011227,0.02551,0.0025895,0.09374,0.01887,,0.526,3.8517,0.3063,,0.435,0.01288,0.02706
280,2020-10-08,10925.57,9.5594,0.3674,16732.58,3.3499,3.3796,350.95,0.25141,,108.1,,0.011012,0.02572,0.0026098,0.09632,0.01921,,0.561,4.1163,0.3087,,0.4779,0.01306,0.02918
281,2020-10-09,11050.64,10.3959,0.3896,18040.96,3.3834,3.4831,365.02,0.25293,,115.32,,0.011455,0.02627,0.0026556,0.10129,0.02016,,0.623,4.2541,0.3286,,0.485,0.01373,0.03161
282,2020-10-10,11293.22,10.5198,0.3951,15995.01,3.2989,3.6272,370.52,0.25402,,114.13,,0.0114,0.02644,0.0026621,0.10493,0.01972,,0.558,4.2606,0.3262,,0.5361,0.01381,0.03129
283,2020-10-11,11369.02,10.8515,0.3905,16900.0,3.3626,3.6538,374.16,0.25544,,115.55,,0.011436,0.02656,0.0026701,0.10648,0.02056,,0.559,4.245,0.3319,,0.5384,0.01409,0.03247
284,2020-10-12,11528.25,11.4259,0.3954,16521.11,3.4599,3.6413,386.51,0.25603,,116.77,,0.011377,0.02709,0.002667,0.10945,0.02026,,0.571,4.3075,0.3445,,0.582,0.01376,0.03179
285,2020-10-13,11420.56,11.0016,0.4182,15634.07,3.3546,3.5317,381.04,0.2565,,114.03,,0.011482,0.0268,0.0026385,0.10925,0.02,,0.545,4.2473,0.3428,,0.5773,0.01325,0.03105
286,2020-10-14,11417.89,10.8896,0.3867,14578.98,3.1123,3.3307,378.69,0.24906,,107.22,,0.011139,0.02676,0.002639,0.10703,0.019,,0.503,4.1829,0.3277,,0.558,0.01294,0.02882
287,2020-10-15,11505.12,10.7483,0.3974,14614.29,3.0793,3.4321,377.64,0.24596,,107.02,62.5418,0.010963,0.02652,0.0025953,0.10666,0.01865,,0.499,4.099,0.3148,,0.5321,0.01271,0.02988
288,2020-10-16,11319.32,10.5877,0.3898,13403.4,3.0426,3.2204,365.5,0.24011,,103.41,44.348,0.010591,0.02572,0.002604,0.10414,0.01803,,0.431,3.9106,0.3001,,0.4993,0.01275,0.02522
289,2020-10-17,11360.2,10.6267,0.3841,14039.17,3.0566,3.257,368.32,0.24057,,103.09,42.24,0.010988,0.02574,0.0025834,0.10598,0.01812,,0.436,3.9663,0.3136,,0.5049,0.01274,0.02597
290,2020-10-18,11503.14,10.9409,0.3887,15427.68,3.2811,3.4019,378.11,0.24221,,104.89,32.4049,0.011627,0.02594,0.0025874,0.10735,0.0184,,0.455,4.1068,0.3155,,0.5701,0.01274,0.02618
291,2020-10-19,11751.47,10.9147,0.3895,13709.88,3.1703,3.3666,379.3,0.24558,,102.78,33.9755,0.011396,0.02589,0.0025921,0.10859,0.01979,,0.413,3.986,0.3033,,0.5599,0.01273,0.0252
292,2020-10-20,11909.99,9.8589,0.364,13053.33,2.8582,3.1297,368.52,0.24322,,94.85,31.175,0.010781,0.02592,0.0025944,0.10238,0.0183,,0.359,3.9034,0.2866,,0.4707,0.01228,0.02272
293,2020-10-21,12780.96,10.7863,0.3752,13293.14,2.9371,3.2646,390.38,0.25088,,95.35,26.5028,0.011339,0.02667,0.002623,0.10589,0.01854,,0.384,4.1352,0.3012,,0.4899,0.01237,0.02361
294,2020-10-22,12968.52,11.9539,0.381,13724.82,3.0432,3.4942,413.98,0.25709,,102.43,23.739,0.012155,0.02708,0.002646,0.11077,0.0195,,0.409,4.2683,0.316,,0.5155,0.01249,0.02505
295,2020-10-23,12923.07,12.1586,0.3757,14903.15,3.011,3.5255,409.11,0.25471,,103.0,23.8771,0.012218,0.02669,0.0026423,0.10805,0.01973,,0.379,4.2633,0.3093,,0.4988,0.0125,0.02439
296,2020-10-24,13111.73,12.7001,0.3789,14872.72,2.9399,3.4863,412.14,0.2562,,105.23,25.8076,0.012282,0.02706,0.0026365,0.10797,0.01944,,0.372,4.3536,0.3078,,0.4975,0.01251,0.02583
297,2020-10-25,13028.83,12.1481,0.3687,14297.0,2.7726,3.3493,405.86,0.25313,,101.2,38.6663,0.01179,0.02699,0.0026528,0.10639,0.01895,,0.337,4.331,0.3021,,0.4659,0.01228,0.02423
298,2020-10-26,13052.19,11.7096,0.3572,13589.52,2.7114,3.2363,392.52,0.2481,,100.0,33.7887,0.011368,0.02675,0.002665,0.10306,0.01835,,0.405,4.7031,0.2907,,0.4425,0.01197,0.0218
299,2020-10-27,13636.17,11.9224,0.3609,13372.88,2.8096,3.2119,403.45,0.25273,,109.02,35.1693,0.01137,0.02701,0.0026702,0.10256,0.0186,,0.657,4.6721,0.2878,,0.4377,0.0117,0.0216
300,2020-10-28,13266.4,11.4403,0.3366,12556.47,2.6611,3.0657,388.23,0.2454,,107.82,33.6161,0.010638,0.02688,0.0025801,0.09869,0.01774,,0.491,4.357,0.2763,,0.4033,0.01132,0.01889
301,2020-10-29,13455.7,11.2772,0.3369,10781.1,2.5391,2.8905,387.13,0.24239,,96.97,32.52,0.010186,0.02655,0.0025733,0.09531,0.01757,,0.446,4.0605,0.2569,,0.3965,0.01137,0.01665
302,2020-10-30,13560.1,11.09,0.326,11014.56,2.4134,2.8675,382.49,0.23905,,92.05,29.2175,0.01008,0.0256,0.0025833,0.0933,0.01749,,0.393,4.0845,0.2539,,0.3938,0.0111,0.01707
303,2020-10-31,13791.0,11.2277,0.3219,10492.89,2.2662,2.9233,386.46,0.23968,,90.83,31.2848,0.009895,0.02576,0.0025666,0.093,0.01773,,0.418,4.1854,0.2488,,0.4056,0.01131,0.01669
304,2020-11-01,13761.5,11.5722,0.338,10689.46,2.3765,3.1391,396.67,0.23999,,93.84,31.6076,0.010505,0.02574,0.0025745,0.09827,0.01794,,0.401,4.2211,0.2589,,0.3953,0.01115,0.01611
305,2020-11-02,13549.37,10.7814,0.3287,10092.3,2.254,2.9974,383.02,0.23523,,91.44,29.6401,0.01005,0.02445,0.0025162,0.09221,0.01719,,0.361,4.0316,0.247,,0.3814,0.01118,0.01591
306,2020-11-03,14023.53,10.3911,0.3256,9351.52,2.138,2.9012,387.88,0.2396,,87.47,28.8364,0.00925,0.02442,0.0025141,0.09357,0.01745,,0.356,4.0362,0.2337,,0.3677,0.0114,0.01518
307,2020-11-04,14144.01,10.4713,0.3174,8484.18,1.9281,2.7676,402.49,0.23758,,88.71,28.8967,0.009398,0.0242,0.002546,0.0955,0.01753,,0.342,4.0969,0.2383,,0.3772,0.01194,0.01381
308,2020-11-05,15590.02,10.9794,0.3474,8488.35,2.1901,2.8914,416.69,0.24561,,90.91,29.3544,0.009721,0.02493,0.0026347,0.09752,0.01886,,0.36,4.2229,0.2481,,0.4234,0.01206,0.01437
309,2020-11-06,15579.92,12.1687,0.3769,11821.27,2.5657,3.322,455.91,0.25863,,95.86,31.6801,0.011196,0.02616,0.002757,0.1091,0.02053,,0.438,4.5826,0.2767,,0.5229,0.01255,0.01791
310,2020-11-07,14818.3,11.7638,0.3489,14281.47,2.4755,3.0592,435.21,0.2491,,92.41,29.9356,0.010383,0.02486,0.00267,0.10128,0.01852,,0.43,4.2341,0.2579,,0.492,0.01175,0.01802
311,2020-11-08,15475.1,12.71,0.3668,15108.29,2.8653,3.1907,454.3,0.25374,,97.13,30.7588,0.011122,0.02535,0.002707,0.10655,0.0193,,0.471,4.3736,0.2667,,0.5805,0.01241,0.01934
312,2020-11-09,15328.41,12.5107,0.3543,15010.12,2.6822,3.1791,444.32,0.25059,,94.78,31.2188,0.011035,0.02479,0.002672,0.10561,0.01939,,0.454,4.3463,0.2605,,0.5919,0.01245,0.01818
313,2020-11-10,15297.21,13.0017,0.3879,18274.93,3.0759,3.2382,450.34,0.2538,,102.57,30.3614,0.011583,0.02483,0.002761,0.1059,0.02023,,0.566,4.4231,0.2889,,0.6814,0.01316,0.02095
314,2020-11-11,15684.24,12.753,0.3651,16679.56,2.9308,3.5058,463.09,0.25581,,103.18,30.0939,0.01134,0.02498,0.002758,0.10599,0.02021,,0.544,4.4461,0.2785,,0.6257,0.01293,0.01972
315,2020-11-12,16291.86,12.4038,0.3605,15462.62,2.9582,3.4937,462.39,0.2549,,104.35,29.4952,0.010644,0.0249,0.0027788,0.1046,0.01923,,0.563,4.4042,0.2665,,0.5742,0.01278,0.01758
316,2020-11-13,16320.7,12.8687,0.3864,17881.06,3.8614,3.628,476.43,0.2659,,116.42,29.155,0.011814,0.0254,0.0028114,0.10629,0.02027,,0.684,4.5425,0.2802,,0.7141,0.01313,0.0186
317,2020-11-14,16070.45,12.5574,0.3741,17217.05,3.8165,3.4207,460.89,0.26824,,121.6,29.2753,0.011245,0.02513,0.0027689,0.10411,0.02014,,0.71,4.4637,0.2661,,0.8309,0.01278,0.0179
318,2020-11-15,15957.0,12.1192,0.3592,17606.9,3.8458,3.3217,448.08,0.26954,,120.2,27.7306,0.011039,0.02533,0.0027718,0.10046,0.01994,,0.78,4.3664,0.2569,,0.8835,0.01282,0.01769
319,2020-11-16,16713.57,12.6223,0.3717,18565.47,3.5634,3.4369,460.55,0.28813,,120.07,27.448,0.011336,0.02549,0.00289,0.10387,0.02194,,0.825,4.4983,0.2711,,0.907,0.01284,0.01924
320,2020-11-17,17659.38,13.3944,0.3827,23944.68,3.8104,3.4599,482.15,0.30247,,122.66,29.111,0.012346,0.02649,0.0029398,0.10947,0.02287,,0.876,4.8569,0.2744,,1.0066,0.01318,0.01953
321,2020-11-18,17776.12,13.5598,0.3647,25444.39,3.4607,3.3321,478.41,0.29335,,114.13,28.8206,0.011777,0.02678,0.0029085,0.10658,0.02176,,0.759,4.6797,0.2673,,0.8935,0.01279,0.01736
322,2020-11-19,17802.82,13.6187,0.3649,27800.0,3.7417,3.2726,471.25,0.30358,,113.32,28.8326,0.011504,0.02581,0.0029068,0.1059,0.02109,,0.801,4.7567,0.2653,,0.9001,0.01271,0.01814
323,2020-11-20,18655.67,14.0933,0.375,26515.16,3.8552,3.5294,510.12,0.32991,,116.23,29.0516,0.012059,0.02629,0.002987,0.11828,0.02249,,0.857,5.23,0.2846,,0.9309,0.0126,0.01848
324,2020-11-21,18703.8,15.4511,0.4174,24479.24,3.8366,4.253,552.35,0.46283,,127.38,29.9369,0.014426,0.03057,0.0035132,0.13334,0.02371,,0.853,5.7824,0.317,,0.9217,0.01398,0.02006
325,2020-11-22,18414.43,14.5098,0.3973,24419.04,3.6763,3.9019,560.03,0.44611,,116.88,28.9382,0.013905,0.02875,0.0033415,0.14599,0.0226,,0.746,5.524,0.298,,0.8485,0.01349,0.0189
326,2020-11-23,18368.0,15.2746,0.4381,25216.48,4.1842,4.2309,608.58,0.61579,,125.6,29.1832,0.016023,0.03174,0.0036845,0.15445,0.02442,,0.742,5.9093,0.3357,,0.9155,0.01471,0.02215
327,2020-11-24,19160.01,15.6703,0.4644,24749.99,4.0627,4.3646,604.97,0.694,,127.82,29.7757,0.016174,0.03523,0.0042592,0.16721,0.02535,,0.686,5.7334,0.3576,,0.9192,0.01638,0.02346
328,2020-11-25,18719.11,14.2016,0.4423,22324.66,3.6773,4.4269,569.5,0.63022,,122.73,31.0128,0.016548,0.03304,0.0037081,0.15473,0.02879,,0.641,5.3018,0.3429,,0.895,0.01555,0.02261
329,2020-11-26,17149.47,12.603,0.4074,23345.46,3.43,3.7036,519.83,0.53654,,106.91,29.8835,0.014627,0.02942,0.0032492,0.13843,0.02582,,0.594,4.809,0.3016,,0.7955,0.01397,0.01829
330,2020-11-27,17139.52,12.4989,0.4034,23452.98,3.3067,3.6088,518.68,0.5623,,104.49,29.9387,0.014487,0.02938,0.0032752,0.14178,0.02465,,0.641,4.8151,0.3002,,0.7722,0.01387,0.018
331,2020-11-28,17719.85,13.0853,0.4158,23353.75,3.4616,3.779,537.52,0.62579,,108.1,29.943,0.01535,0.03047,0.0033945,0.16489,0.02673,,0.608,4.8939,0.3127,,0.7945,0.01428,0.01933
332,2020-11-29,18184.99,13.38,0.4151,24600.71,3.5514,3.7798,576.3,0.60543,,110.49,30.0018,0.015151,0.03072,0.0034365,0.16663,0.02928,,0.656,5.192,0.3171,,0.83,0.01408,0.01931
333,2020-11-30,19695.87,14.2677,0.4292,26470.4,3.7824,3.9528,616.66,0.66417,,111.96,30.3751,0.015972,0.03236,0.003561,0.17204,0.02933,,0.675,5.3767,0.3289,,0.8579,0.01457,0.02105
334,2020-12-01,18764.96,13.3461,0.3994,25684.04,3.55,3.662,585.26,0.61088,,105.0,30.323,0.014737,0.03024,0.0033211,0.15562,0.02796,,0.679,5.0806,0.3082,,0.8952,0.01404,0.02044
335,2020-12-02,19204.09,13.9799,0.427,30306.15,3.9484,3.7916,596.89,0.62972,,113.88,30.5754,0.016405,0.03118,0.0033624,0.15845,0.03114,,0.801,5.4645,0.3411,,0.9854,0.01423,0.02259
336,2020-12-03,19421.9,13.9749,0.4306,29649.42,3.8829,3.7903,615.85,0.63046,,131.66,30.4246,0.017397,0.03166,0.003429,0.16398,0.0336,,0.829,5.3997,0.3404,,1.0187,0.01513,0.02284
337,2020-12-04,18650.52,12.68,0.3928,26452.77,3.516,3.5286,567.24,0.55367,,127.24,29.0085,0.015698,0.02947,0.003283,0.14781,0.02954,,0.685,5.0,0.3257,,0.938,0.01384,0.02091
338,2020-12-05,19147.66,13.1748,0.4081,29352.73,3.6834,3.7819,596.8,0.58517,,143.55,29.8579,0.017484,0.03056,0.0033917,0.15993,0.03402,,0.741,5.1806,0.3431,,1.0086,0.01458,0.02248
339,2020-12-06,19359.4,13.5057,0.3999,28794.24,3.6482,3.701,601.54,0.62107,,137.01,29.3247,0.017144,0.03091,0.0033857,0.15873,0.03538,,0.702,5.1268,0.3367,,0.9815,0.01455,0.02195
340,2020-12-07,19166.9,13.0704,0.4047,28486.5,3.7574,3.5819,591.28,0.60818,,149.84,30.473,0.018137,0.03029,0.003336,0.15401,0.03555,,0.708,5.0569,0.3311,,0.9668,0.01432,0.02165
341,2020-12-08,18324.11,12.1356,0.3797,25448.82,3.2982,3.2384,554.94,0.5589,,155.6,29.937,0.016382,0.0279,0.0031723,0.1412,0.03135,,0.609,4.7399,0.3011,,0.8404,0.01341,0.01906
342,2020-12-09,18541.28,12.6212,0.3811,25556.16,3.3511,3.2836,573.09,0.58265,,164.81,30.5,0.016758,0.0287,0.0031562,0.14796,0.03105,,0.633,4.8728,0.3056,,0.895,0.01384,0.01956
343,2020-12-10,18254.63,11.9172,0.3698,23974.15,3.239,3.1493,558.99,0.57267,,149.32,30.538,0.015937,0.02811,0.0031043,0.14188,0.03265,,0.599,4.8003,0.2936,,0.8768,0.01345,0.01991
344,2020-12-11,18036.53,11.6335,0.3558,23387.89,2.9623,2.9914,544.43,0.54945,,142.65,29.8306,0.015587,0.02778,0.0030732,0.13926,0.02955,,0.557,4.612,0.2887,,0.804,0.01348,0.01833
345,2020-12-12,18808.69,12.2259,0.3921,25347.85,3.1225,3.1878,568.04,0.50658,,144.66,29.9157,0.016497,0.02855,0.0031609,0.14438,0.03267,,0.591,4.7385,0.3091,,0.852,0.0139,0.01905
346,2020-12-13,19174.99,12.9392,0.3961,26341.06,3.344,3.2779,590.7,0.51365,,147.36,29.99,0.01647,0.02921,0.00326,0.15406,0.03278,,0.617,4.8957,0.3092,,0.8989,0.01376,0.01993
347,2020-12-14,19273.14,12.8502,0.3868,25819.99,3.4803,3.234,586.29,0.4974,,153.13,29.3347,0.01637,0.0291,0.003226,0.15877,0.03296,,0.638,4.8969,0.3129,,0.9292,0.01373,0.021
348,2020-12-15,19426.43,12.6818,0.3915,24784.11,3.3292,3.1584,588.64,0.46793,,150.01,29.1237,0.016501,0.02918,0.0032078,0.15381,0.03503,,0.628,5.2391,0.325,,0.915,0.01361,0.021
349,2020-12-16,21335.52,13.4852,0.4143,26965.41,3.5357,3.3508,637.18,0.56941,,155.52,28.416,0.017274,0.03145,0.0034183,0.16814,0.03921,,0.651,5.3647,0.3396,,1.0293,0.01397,0.02081
350,2020-12-17,22797.16,13.444,0.4072,26599.01,3.6914,3.2374,642.7,0.5769,,177.23,28.4405,0.017092,0.03072,0.003722,0.16336,0.0379,,0.655,5.3455,0.3324,0.12275,0.9993,0.0138,0.01957
351,2020-12-18,23107.39,13.5001,0.4128,27869.03,3.7652,3.2463,653.85,0.58337,,160.34,28.4577,0.017424,0.03109,0.0038675,0.16502,0.0438,,0.645,5.3549,0.353,0.26122,1.0201,0.01416,0.02026
352,2020-12-19,23821.61,13.4747,0.4236,27604.76,3.9621,3.2597,658.03,0.57666,,155.62,28.2008,0.017373,0.03124,0.0039291,0.16433,0.05009,,0.664,5.3358,0.3556,0.47749,1.0525,0.0154,0.02071
353,2020-12-20,23455.52,13.0604,0.3953,26114.07,3.7617,3.17,638.18,0.55586,,153.67,28.3891,0.016325,0.03122,0.0046381,0.16201,0.04627,,0.616,5.1868,0.3397,0.73826,0.9784,0.01461,0.02084
354,2020-12-21,22719.71,12.3049,0.3779,24569.93,3.5094,2.9574,607.58,0.51445,,141.66,24.9963,0.015523,0.02926,0.0047784,0.15278,0.0494,,0.558,4.8702,0.3248,0.47195,0.8963,0.01375,0.0189
355,2020-12-22,23810.79,12.7842,0.3751,24850.0,3.7331,3.0043,636.45,0.44642,,145.2,24.6213,0.015854,0.02885,0.0045159,0.15646,0.05138,,0.558,5.155,0.3367,0.54572,0.9165,0.01376,0.01881
356,2020-12-23,23232.76,10.9736,0.3311,20092.38,3.3111,2.3303,585.56,0.2605,,129.59,22.3358,0.013236,0.0248,0.0037449,0.13635,0.05727,,0.42,4.7149,0.2891,0.41158,0.8733,0.01239,0.01641
357,2020-12-24,23729.2,11.5724,0.3641,24024.95,3.5227,2.5923,612.31,0.33863,,136.75,23.6991,0.014893,0.02769,0.0045731,0.15304,0.05938,,0.479,5.1116,0.3142,0.41046,0.9259,0.01353,0.01759
358,2020-12-25,24712.47,11.5543,0.3588,23612.29,3.5038,2.5971,626.82,0.31768,,137.69,24.349,0.014598,0.02854,0.0045549,0.15761,0.06327,,0.489,5.2099,0.3088,0.35847,0.9238,0.01333,0.01734
359,2020-12-26,26493.39,10.9809,0.3539,22588.76,3.4171,2.5391,637.44,0.29481,,130.0,23.5652,0.016471,0.0278,0.0045131,0.15839,0.0866,,0.47,5.1924,0.3094,0.4848,0.8756,0.01366,0.01663
360,2020-12-27,26281.66,12.1541,0.3738,22785.06,3.5965,2.6441,685.11,0.28407,,131.15,22.236,0.016542,0.02889,0.004547,0.15467,0.07637,,0.472,5.1455,0.319,0.39677,0.8973,0.0132,0.01664
361,2020-12-28,27079.41,12.6081,0.3771,22796.58,3.7311,2.661,730.41,0.24845,,143.7,21.9937,0.020212,0.02959,0.0046015,0.17627,0.0893,,0.498,6.5982,0.3578,0.38084,1.0383,0.01332,0.01739
362,2020-12-29,27385.0,11.7786,0.3652,22155.55,3.6695,2.5641,732.0,0.22142,,139.36,20.4405,0.021135,0.02767,0.0045012,0.19067,0.08431,,0.474,7.5402,0.3461,0.3736,1.2009,0.01283,0.01633
363,2020-12-30,28875.54,11.2435,0.3595,21765.85,4.1531,2.4605,752.17,0.21138,,156.81,21.5173,0.0202,0.02695,0.0046251,0.18389,0.07734,,0.582,7.2282,0.3355,0.37465,1.2134,0.0131,0.01659
364,2020-12-31,28923.63,11.2364,0.3548,22687.96,5.1501,2.4737,736.42,0.21959,,149.02,24.3284,0.018754,0.02677,0.0046709,0.18134,0.08257,,0.627,9.2619,0.3353,0.35046,1.1699,0.01254,0.0169
365,2021-01-01,29331.69,11.8477,0.3744,21845.15,4.7353,2.5432,728.91,0.23746,,145.54,22.2169,0.019052,0.02685,0.00568,0.17509,0.07887,,0.62,8.2776,0.3978,0.36169,1.2874,0.01293,0.01719
366,2021-01-02,32178.33,12.2215,0.3604,21477.83,4.8564,2.5422,774.56,0.22064,,136.71,21.7766,0.019993,0.02721,0.0105264,0.17742,0.07219,,0.613,9.2037,0.4075,0.32751,1.2919,0.01305,0.01639
367,2021-01-03,33000.05,13.6814,0.3923,23879.16,5.5155,3.0498,978.28,0.2254,,146.9,21.4253,0.026226,0.02949,0.0098209,0.20615,0.06763,,0.677,10.1307,0.4253,0.29857,1.4839,0.01406,0.01871
368,2021-01-04,31988.71,13.5935,0.3948,23387.84,5.4238,3.2938,1041.43,0.23565,,151.24,21.4059,0.024598,0.03095,0.0097613,0.22528,0.06998,,0.676,9.5126,0.4463,0.30888,1.5929,0.01362,0.02047
369,2021-01-05,33949.53,14.5162,0.4447,23731.87,6.2518,3.5141,1099.56,0.22573,,161.48,21.6019,0.027964,0.02852,0.00997,0.25873,0.07023,2.5765,0.688,9.7084,0.4794,0.33823,1.5826,0.01488,0.02063
370,2021-01-06,36769.36,17.2322,0.4618,24742.87,6.4157,3.7082,1208.42,0.24854,,183.98,21.9407,0.030819,0.03046,0.01042,0.33309,0.07772,2.302,0.731,10.0679,0.5111,0.36991,1.5916,0.0158,0.02442
371,2021-01-07,39432.28,15.9628,0.4386,33057.95,6.2545,3.508,1224.87,0.32389,,172.45,22.0598,0.028673,0.03095,0.0097439,0.29928,0.07581,2.2091,0.716,9.6439,0.4611,0.34633,1.4612,0.01566,0.02383
372,2021-01-08,40582.81,15.2381,0.44,34908.59,5.8807,3.4039,1216.93,0.32032,,165.75,21.5989,0.027299,0.0304,0.00974,0.30389,0.07337,2.2961,0.694,9.2998,0.455,0.32903,1.346,0.01619,0.02599
373,2021-01-09,40088.22,17.5501,0.5405,35735.6,6.22,3.7078,1276.0,0.32419,,179.95,22.0071,0.028812,0.03382,0.0101789,0.33062,0.07587,2.2937,0.767,9.7354,0.4847,0.34849,1.5674,0.01773,0.02706
374,2021-01-10,38150.02,16.206,0.5276,33982.73,5.9802,3.6526,1254.25,0.31491,,194.39,23.4251,0.02707,0.03275,0.00982,0.30153,0.07285,2.14,0.754,9.2911,0.4578,0.32627,1.4594,0.01682,0.02518
375,2021-01-11,35404.47,14.6393,0.4365,30102.88,5.2448,3.0974,1087.01,0.28743,,168.59,21.6398,0.024344,0.02897,0.0088326,0.2757,0.06481,1.9482,0.622,8.2691,0.4171,0.29053,1.3091,0.01489,0.02212
376,2021-01-12,34051.24,13.9655,0.4272,29743.08,5.5878,2.9982,1050.16,0.29254,,183.8,21.0413,0.02299,0.02865,0.0080807,0.28888,0.06197,1.957,0.624,8.3078,0.3991,0.27768,1.2913,0.01483,0.0219
377,2021-01-13,37371.38,15.9356,0.506,33599.65,6.3311,3.2459,1129.89,0.30582,,211.04,21.7131,0.026073,0.03079,0.0086738,0.3123,0.07035,2.0711,0.687,10.9486,0.4501,0.325,1.808,0.01636,0.02393
378,2021-01-14,39144.5,17.9804,0.504,32924.52,6.9593,3.2451,1231.62,0.29642,,214.5,21.5738,0.025743,0.03014,0.0093907,0.31201,0.06906,2.0974,0.796,14.4867,0.4559,0.33379,1.9053,0.01632,0.02463
379,2021-01-15,36742.22,20.7375,0.5154,30205.26,7.3762,3.604,1168.53,0.27991,,202.56,21.5435,0.025306,0.02972,0.0093525,0.30188,0.06622,2.0,1.149,13.1679,0.4864,0.33761,1.8436,0.01644,0.02635
380,2021-01-16,35994.98,20.1054,0.5272,33823.09,8.3908,3.5499,1227.83,0.27924,,207.0,22.8433,0.026863,0.03008,0.0092374,0.35071,0.07349,2.0678,1.108,17.9893,0.5183,0.466,1.96,0.01614,0.02856
381,2021-01-17,35828.61,23.2819,0.5942,34544.73,8.689,3.7236,1232.45,0.27746,,216.96,24.3442,0.027152,0.0302,0.0090987,0.38081,0.07341,2.125,1.691,17.0832,0.5859,0.51877,1.9533,0.01737,0.02998
382,2021-01-18,36631.27,22.0336,0.5847,37994.33,9.1904,4.21,1258.45,0.28528,,225.91,23.7605,0.030803,0.03164,0.0091782,0.37123,0.0789,2.2371,1.605,16.5898,0.5668,0.61907,2.0725,0.01894,0.02983
383,2021-01-19,35891.49,20.5557,0.5422,34365.15,8.5767,3.8539,1365.36,0.29396,,211.22,22.6578,0.029015,0.03063,0.0090428,0.3672,0.07358,2.1608,1.331,16.3933,0.5213,0.53828,1.9915,0.0179,0.02804
384,2021-01-20,35468.23,21.8482,0.5582,34040.18,8.9646,3.8353,1376.99,0.29539,,212.39,22.339,0.034595,0.03046,0.0090487,0.37532,0.07413,2.2784,1.629,17.9808,0.5472,0.52203,2.0156,0.01775,0.02867
385,2021-01-21,30850.13,18.4119,0.465,27938.25,7.5873,3.2004,1110.96,0.26802,,176.64,21.3251,0.027918,0.02762,0.0081581,0.30785,0.06214,3.0923,1.681,15.9818,0.461,0.43566,1.6455,0.01586,0.0264
386,2021-01-22,32945.17,21.5519,0.5106,30780.0,8.6834,3.3566,1232.62,0.27217,,199.71,22.2845,0.031268,0.02857,0.0085075,0.34867,0.06757,3.14,1.963,17.1207,0.5088,0.5111,2.1315,0.01729,0.02709
387,2021-01-23,32078.0,24.8046,0.562,30560.03,9.3428,3.629,1233.6,0.27167,,206.98,22.6979,0.030068,0.02925,0.0085779,0.34583,0.06781,2.82,2.14,18.7446,0.5561,0.58446,2.37,0.01716,0.0406
388,2021-01-24,32259.9,24.7935,0.5483,32200.52,12.0505,3.5888,1392.51,0.27339,,250.06,22.7027,0.030606,0.02999,0.0087135,0.35345,0.06907,2.7848,2.26,17.9745,0.5623,0.55604,2.5963,0.01718,0.057
389,2021-01-25,32254.2,23.3418,0.5207,29311.96,11.3177,3.5439,1317.88,0.26757,,212.81,22.4279,0.029758,0.02949,0.0083509,0.34308,0.06673,3.1347,2.005,17.207,0.556,0.52985,2.3777,0.01661,0.05226
390,2021-01-26,32467.77,23.0981,0.5435,30298.17,13.9086,3.4403,1365.97,0.26834,,237.9,22.1876,0.029444,0.02949,0.0082472,0.3433,0.06785,3.1029,2.146,17.1013,0.601,0.53701,2.409,0.01648,0.073
391,2021-01-27,30366.15,20.9586,0.5832,27617.41,14.7493,3.1175,1239.03,0.25039,,219.12,21.42,0.026361,0.02823,0.0074124,0.31144,0.06206,2.949,1.814,15.43,0.541,0.48465,2.5323,0.01527,0.08109
392,2021-01-28,33364.86,23.0145,0.6086,29664.06,14.1003,3.3054,1329.69,0.26407,,252.03,21.8988,0.027389,0.02955,0.0364995,0.34409,0.0654,2.9657,2.08,16.8643,0.5586,0.556,3.1607,0.01637,0.11932
393,2021-01-29,34252.2,22.748,0.6009,29974.1,15.6418,3.5045,1379.5,0.2829,,295.88,22.3086,0.02783,0.03335,0.0459059,0.34752,0.06717,2.8914,2.046,16.7968,0.6362,0.55282,3.6329,0.02675,0.12812
394,2021-01-30,34262.88,23.6399,0.6542,31150.11,19.5376,3.4828,1378.05,0.44372,,338.2,22.0354,0.026842,0.03216,0.02826,0.364,0.07306,2.8785,2.548,16.5349,0.6653,0.63734,3.8806,0.02332,0.13117
395,2021-01-31,33092.98,22.5613,0.7064,30114.54,17.7246,3.5237,1312.55,0.49507,,347.19,22.2488,0.025397,0.03154,0.037,0.34475,0.06918,2.8041,2.511,16.1128,0.6516,0.79448,3.611,0.0245,0.128
396,2021-02-01,33526.37,22.8757,0.6865,31166.45,20.4502,4.168,1374.17,0.37106,,362.25,22.621,0.029382,0.03295,0.0348173,0.40876,0.07504,2.8528,2.54,16.4385,0.6442,0.78311,4.1797,0.0239,0.10785
397,2021-02-02,35466.24,23.6582,0.6837,31690.62,18.9517,3.9526,1511.87,0.37254,,356.18,22.4829,0.028127,0.03317,0.0313489,0.42498,0.07761,2.87,2.5,17.1765,0.6507,0.75205,3.792,0.02478,0.12644
398,2021-02-03,37618.87,25.087,0.7658,34095.5,19.7114,4.6318,1664.49,0.39721,,389.67,23.0537,0.029177,0.03452,0.0372597,0.44189,0.07951,2.956,2.637,20.8538,0.7454,0.825,3.7225,0.02479,0.13008
399,2021-02-04,36936.66,24.492,1.0351,31098.22,20.1299,4.4415,1595.67,0.44545,,455.19,22.8902,0.02771,0.0331,0.0529081,0.43934,0.07633,2.9574,3.026,19.6677,0.7057,0.81617,3.8958,0.02597,0.13403
400,2021-02-05,38290.24,26.3034,1.5939,32447.8,21.145,5.1567,1719.19,0.45219,,531.46,24.4825,0.032096,0.03624,0.0467193,0.53917,0.08256,3.2,3.263,20.84,0.8338,0.94946,3.965,0.03046,0.16421
401,2021-02-06,39186.94,25.0231,1.4509,31542.61,19.2499,4.902,1676.35,0.44307,,465.0,24.2434,0.029946,0.03507,0.0576559,0.63444,0.07862,3.0871,3.15,20.3734,0.8092,0.86501,3.5737,0.03112,0.14123
402,2021-02-07,38795.69,24.7254,1.4099,30866.54,18.6592,4.6205,1611.62,0.41849,,457.41,24.0475,0.029139,0.03597,0.0779247,0.66109,0.07598,3.6017,2.981,19.7345,0.8448,0.91807,3.79,0.03188,0.13254
403,2021-02-08,46374.87,25.4115,1.4689,32500.0,19.3198,4.8692,1750.15,0.45099,,454.98,27.6608,0.031326,0.04042,0.0787,0.67638,0.07972,3.5348,3.06,22.9853,1.0028,0.96895,4.5946,0.03483,0.1455
404,2021-02-09,46420.42,27.6034,1.5111,35214.33,19.5175,5.1196,1769.13,0.47636,,489.0,44.1298,0.035375,0.04608,0.0700121,0.70562,0.10507,3.7065,3.175,23.0846,1.029,1.05273,4.58,0.04204,0.14771
405,2021-02-10,44807.58,26.8121,1.4998,36353.03,20.6802,5.582,1740.78,0.50429,,473.12,39.761,0.035689,0.04629,0.0725527,0.93966,0.10409,4.8091,3.087,23.5821,1.0312,1.26668,4.465,0.04949,0.1387
406,2021-02-11,47969.51,27.8475,1.7619,43831.19,21.4536,5.9635,1785.62,0.52806,,501.91,40.3198,0.042558,0.05681,0.069583,0.92796,0.11555,4.789,3.562,25.0224,1.238,2.03709,4.5058,0.04817,0.1775
407,2021-02-12,47287.6,30.6265,1.8037,47007.1,22.6236,6.1436,1840.26,0.609,,536.53,42.65,0.054359,0.05515,0.0697675,0.92426,0.11798,4.8282,3.387,28.6555,1.7178,2.23448,4.295,0.05002,0.18452
408,2021-02-13,47153.69,34.1941,1.8912,47157.24,21.7738,7.6958,1814.96,0.63309,,511.0,41.534,0.054766,0.05995,0.0662405,0.91299,0.14755,4.6054,3.289,27.9364,1.6716,2.3329,4.397,0.05786,0.18003
409,2021-02-14,48577.79,33.1565,1.7952,43369.16,20.8245,6.6903,1800.42,0.59211,,471.27,47.125,0.052161,0.05519,0.0626783,0.84364,0.13325,4.3421,2.955,26.8724,1.4706,2.16082,3.9642,0.07272,0.16872
410,2021-02-15,47911.1,32.5899,1.6186,40273.62,20.0675,6.1937,1779.25,0.54976,,460.75,42.9236,0.051032,0.05079,0.0565,0.86143,0.13161,4.0775,2.717,27.8021,1.3558,2.13699,3.8825,0.07469,0.17361
411,2021-02-16,49133.45,31.9632,1.5848,42977.36,20.4846,6.1716,1781.99,0.51995,,457.31,41.874,0.049319,0.05202,0.053476,0.87,0.13183,4.593,2.674,30.0832,1.3127,2.06546,3.925,0.07875,0.17205
412,2021-02-17,52119.71,32.2324,1.5649,43781.87,21.5175,6.3886,1849.88,0.53467,,474.18,43.205,0.051196,0.05256,0.0495187,0.89206,0.13734,4.7948,2.786,31.9862,1.3662,2.17983,4.003,0.074,0.16544
413,2021-02-18,51552.6,32.4801,1.6107,44278.54,21.1733,6.5367,1939.61,0.53204,,456.63,43.4281,0.054483,0.05492,0.0587991,0.91442,0.13907,5.2015,2.811,31.11,1.3965,2.29472,3.978,0.10024,0.21048
414,2021-02-19,55906.0,34.6846,1.5594,44711.81,20.0756,6.5368,1955.0,0.56465,18.934,451.15,43.1378,0.053602,0.06073,0.055033,0.92581,0.14922,5.275,2.63,34.824,1.371,2.16364,4.78,0.14543,0.24094
415,2021-02-20,55841.19,33.9387,1.5306,42251.78,28.7533,6.2251,1913.0,0.51167,14.673,452.82,43.0007,0.053554,0.05773,0.0541708,1.11568,0.13506,5.0808,2.888,38.942,1.3101,2.285,5.1145,0.22557,0.23366
416,2021-02-21,57408.57,34.0915,1.7232,43097.2,28.7763,6.3325,1933.53,0.54468,16.645,453.06,44.6468,0.054826,0.05935,0.0560183,1.09894,0.13737,5.1249,2.905,39.5863,1.3055,2.3018,4.7749,0.20753,0.34721
417,2021-02-22,54087.67,31.4542,1.563,39229.56,27.6835,5.5483,1777.58,0.56646,15.027,423.19,39.3921,0.050147,0.05425,0.0535557,1.09703,0.12314,4.5622,2.58,37.6143,1.143,2.01875,4.4982,0.19976,0.45663
418,2021-02-23,48891.0,25.9249,1.5769,33410.7,24.8086,4.6802,1577.89,0.47579,12.744,383.79,35.4658,0.042224,0.04501,0.0476562,0.96197,0.10557,4.0326,2.138,34.5325,1.0051,1.70754,4.8969,0.17943,0.44736
419,2021-02-24,49676.2,28.0851,1.5267,33800.25,25.2509,4.7282,1623.39,0.4686,14.16,437.24,36.5817,0.042694,0.048,0.0567911,1.04902,0.1119,4.5046,2.152,33.6396,1.06,1.89607,4.9318,0.18101,0.64956
420,2021-02-25,47073.73,24.7144,1.3959,31600.98,23.4781,4.5371,1481.75,0.43601,11.652,396.48,34.9813,0.039342,0.0452,0.0499138,1.07691,0.109,4.0548,2.007,31.2341,0.9812,1.72272,4.4455,0.1628,0.59309
421,2021-02-26,46276.87,25.1862,1.3192,31141.43,23.1082,4.4415,1444.59,0.42788,11.283,398.09,35.1275,0.039453,0.04517,0.0504768,1.24303,0.10944,3.859,1.921,31.4362,0.9725,1.7263,4.406,0.155,0.52197
422,2021-02-27,46106.43,26.1896,1.3328,31442.6,23.5338,4.4837,1458.13,0.43589,10.652,399.49,37.8763,0.040822,0.04652,0.0500725,1.31402,0.11577,3.9224,1.964,33.4575,1.0988,1.683,4.5189,0.14203,0.46869
423,2021-02-28,45135.66,24.7016,1.2115,30722.16,22.2098,4.2648,1419.18,0.41565,9.379,405.12,35.9652,0.039735,0.04562,0.0481582,1.31203,0.10752,3.818,1.769,33.8,1.0218,1.589,4.35,0.13087,0.423
424,2021-03-01,49587.03,27.7116,1.3565,34782.12,25.7058,4.6103,1569.86,0.44537,13.11,493.56,38.5649,0.045729,0.04784,0.0505933,1.29627,0.116,3.99,2.001,35.6273,1.0893,1.92645,5.193,0.17041,0.58347
425,2021-03-02,48440.65,28.4769,1.3617,33220.24,25.5253,4.6637,1486.78,0.4357,12.03,499.42,38.2082,0.043803,0.04687,0.050364,1.2228,0.11406,3.8701,2.508,36.1393,1.0825,1.82879,5.1899,0.16055,0.51788
426,2021-03-03,50349.37,29.85,1.4635,33750.68,25.3565,4.8374,1567.69,0.44846,12.599,491.15,42.0681,0.052864,0.04883,0.0504146,1.21311,0.12632,4.0944,2.279,37.0985,1.1787,1.9527,5.71,0.15927,0.52038
427,2021-03-04,48374.09,27.6943,1.3724,32392.48,28.2681,4.6627,1539.23,0.48096,11.544,470.34,40.7542,0.050284,0.05142,0.0499865,1.11239,0.11836,3.8679,2.086,35.2166,1.0895,1.855,5.2686,0.14898,0.45696
428,2021-03-05,48751.71,27.8343,1.3389,31950.75,28.2866,4.6145,1528.31,0.45457,11.094,475.41,40.4667,0.05201,0.05019,0.0495285,1.15908,0.11579,3.7663,2.052,33.6194,1.0526,1.8262,5.5042,0.15457,0.45725
429,2021-03-06,48882.2,28.1479,1.3703,34047.86,28.5148,5.0591,1650.35,0.46285,11.13,491.37,40.3937,0.053272,0.05015,0.0509588,1.129,0.11596,3.806,2.047,33.3596,1.0494,1.79323,5.6849,0.15549,0.44146
430,2021-03-07,50971.75,28.5932,1.4204,39133.02,34.2651,5.128,1726.16,0.46558,11.678,490.35,41.3943,0.05667,0.05173,0.0519871,1.13042,0.11801,3.8943,2.245,35.095,1.1069,1.88058,5.6946,0.1579,0.44404
431,2021-03-08,52375.17,31.8469,1.4198,39767.07,33.2344,5.1776,1833.18,0.47412,11.936,476.46,41.535,0.065316,0.05307,0.0629738,1.11848,0.12544,3.9147,2.395,34.9737,1.157,1.9049,5.8243,0.15444,0.44985
432,2021-03-09,54884.5,31.4914,1.4757,38936.52,32.8722,5.4214,1870.51,0.4849,14.201,502.28,41.9292,0.064429,0.0532,0.0579117,1.1972,0.13457,3.98,2.406,38.1882,1.1808,2.11596,6.1425,0.17544,0.53027
433,2021-03-10,55851.59,29.9036,1.3933,37839.52,30.8877,5.053,1795.12,0.46155,12.745,460.43,42.4547,0.061343,0.05142,0.0558692,1.13261,0.12759,4.1503,2.212,37.5494,1.1078,2.03249,6.3174,0.18124,0.45746
434,2021-03-11,57773.16,30.1166,1.3743,37899.9,30.9944,5.22,1825.78,0.45187,12.333,465.84,42.2225,0.067237,0.05151,0.0559286,1.1243,0.17701,3.9967,2.173,36.9026,1.0838,1.91001,6.4194,0.1814,0.44219
435,2021-03-12,57451.67,28.543,1.3531,36566.07,30.4075,5.1833,1779.98,0.44649,11.6,449.65,43.6319,0.068628,0.05029,0.0554993,1.06777,0.17829,3.849,2.086,36.1533,1.0885,1.83175,6.1494,0.1896,0.41936
